2026-04-10 03:36:45.099 [INFO] === Board Client Starting — logs → /home/radxa/Project/main-project-sw/logs/board/board.log ===
2026-04-10 03:36:45.100 [DEBUG] Using selector: EpollSelector
2026-04-10 03:36:45.101 [INFO] Starting AI Vision Client...
2026-04-10 03:36:45.101 [INFO] Initializing camera at /dev/video0...
2026-04-10 03:36:45.383 [INFO] Camera initialized successfully.
2026-04-10 03:36:45.384 [INFO] Initializing GPIO pin 108 on /dev/gpiochip0...
2026-04-10 03:36:45.385 [INFO] GPIO initialized successfully.
2026-04-10 03:36:45.385 [INFO] Connecting to AI Server at ws://172.20.10.2:8000/vision...
2026-04-10 03:36:45.480 [DEBUG] = connection is CONNECTING
2026-04-10 03:36:45.482 [DEBUG] > GET /vision HTTP/1.1
2026-04-10 03:36:45.482 [DEBUG] > Host: 172.20.10.2:8000
2026-04-10 03:36:45.482 [DEBUG] > Upgrade: websocket
2026-04-10 03:36:45.482 [DEBUG] > Connection: Upgrade
2026-04-10 03:36:45.483 [DEBUG] > Sec-WebSocket-Key: TgVHucWuY1Qm9UvngQek2g==
2026-04-10 03:36:45.483 [DEBUG] > Sec-WebSocket-Version: 13
2026-04-10 03:36:45.483 [DEBUG] > Sec-WebSocket-Extensions: permessage-deflate; client_max_window_bits
2026-04-10 03:36:45.483 [DEBUG] > User-Agent: Python/3.9 websockets/15.0.1
2026-04-10 03:36:45.548 [DEBUG] < HTTP/1.1 101 Switching Protocols
2026-04-10 03:36:45.549 [DEBUG] < Upgrade: websocket
2026-04-10 03:36:45.550 [DEBUG] < Connection: Upgrade
2026-04-10 03:36:45.550 [DEBUG] < Sec-WebSocket-Accept: FZGqGXShZxmEyohnoyaPdFuGbTk=
2026-04-10 03:36:45.550 [DEBUG] < Sec-WebSocket-Extensions: permessage-deflate
2026-04-10 03:36:45.551 [DEBUG] < date: Thu, 09 Apr 2026 22:06:44 GMT
2026-04-10 03:36:45.551 [DEBUG] < server: uvicorn
2026-04-10 03:36:45.552 [DEBUG] = connection is OPEN
2026-04-10 03:36:45.553 [INFO] Connection established.
2026-04-10 03:36:45.971 [DEBUG] > BINARY 00 ff d8 ff e0 00 10 4a 46 49 46 00 01 01 00 00 ... 80 0a 28 a2 80 3f ff d9 [1881 bytes]
2026-04-10 03:36:45.972 [DEBUG] [FRAME►TX] frame sent  mode=ObjectDetection  size=1881B  t=03:36:45
2026-04-10 03:36:45.974 [WARNING] Local GUI visualization failed: OpenCV(4.13.0) /io/opencv/modules/highgui/src/window.cpp:1301: error: (-2:Unspecified error) The function is not implemented. Rebuild the library with Windows, GTK+ 2.x or Cocoa support. If you are on Ubuntu or Debian, install libgtk2.0-dev and pkg-config, then re-run cmake or configure script in function 'cvShowImage'
. Continuing in headless mode...
2026-04-10 03:36:46.027 [DEBUG] > BINARY 00 ff d8 ff e0 00 10 4a 46 49 46 00 01 01 00 00 ... 8a 00 28 a2 8a 00 ff d9 [1885 bytes]
2026-04-10 03:36:46.028 [DEBUG] [FRAME►TX] frame sent  mode=ObjectDetection  size=1885B  t=03:36:46
2026-04-10 03:36:46.044 [INFO] TTS Worker: Warming up Piper (priming ONNX engine)...
2026-04-10 03:36:46.085 [DEBUG] > BINARY 00 ff d8 ff e0 00 10 4a 46 49 46 00 01 01 00 00 ... 28 00 a2 8a 28 03 ff d9 [1888 bytes]
2026-04-10 03:36:46.086 [DEBUG] [FRAME►TX] frame sent  mode=ObjectDetection  size=1888B  t=03:36:46
2026-04-10 03:36:46.146 [DEBUG] > BINARY 00 ff d8 ff e0 00 10 4a 46 49 46 00 01 01 00 00 ... 50 01 45 14 50 07 ff d9 [1887 bytes]
2026-04-10 03:36:46.147 [DEBUG] [FRAME►TX] frame sent  mode=ObjectDetection  size=1887B  t=03:36:46
2026-04-10 03:36:46.148 [DEBUG] < TEXT '{"type": "heartbeat"}' [21 bytes]
2026-04-10 03:36:46.148 [DEBUG] [HB◄RX] Heartbeat from server
2026-04-10 03:36:46.214 [DEBUG] > BINARY 00 ff d8 ff e0 00 10 4a 46 49 46 00 01 01 00 00 ... 81 05 14 51 40 1f ff d9 [1893 bytes]
2026-04-10 03:36:46.216 [DEBUG] [FRAME►TX] frame sent  mode=ObjectDetection  size=1893B  t=03:36:46
2026-04-10 03:36:46.218 [DEBUG] < TEXT '{"type": "heartbeat"}' [21 bytes]
2026-04-10 03:36:46.220 [DEBUG] [HB◄RX] Heartbeat from server
2026-04-10 03:36:46.279 [DEBUG] > BINARY 00 ff d8 ff e0 00 10 4a 46 49 46 00 01 01 00 00 ... 14 00 51 45 14 01 ff d9 [1892 bytes]
2026-04-10 03:36:46.291 [DEBUG] [FRAME►TX] frame sent  mode=ObjectDetection  size=1892B  t=03:36:46
2026-04-10 03:36:46.334 [DEBUG] > BINARY 00 ff d8 ff e0 00 10 4a 46 49 46 00 01 01 00 00 ... 80 0a 28 a2 80 3f ff d9 [1887 bytes]
2026-04-10 03:36:46.338 [DEBUG] [FRAME►TX] frame sent  mode=ObjectDetection  size=1887B  t=03:36:46
2026-04-10 03:36:46.341 [DEBUG] < TEXT '{"type": "heartbeat"}' [21 bytes]
2026-04-10 03:36:46.343 [DEBUG] [HB◄RX] Heartbeat from server
2026-04-10 03:36:46.392 [DEBUG] > BINARY 00 ff d8 ff e0 00 10 4a 46 49 46 00 01 01 00 00 ... 00 14 51 45 00 7f ff d9 [1888 bytes]
2026-04-10 03:36:46.395 [DEBUG] [FRAME►TX] frame sent  mode=ObjectDetection  size=1888B  t=03:36:46
2026-04-10 03:36:46.463 [DEBUG] > BINARY 00 ff d8 ff e0 00 10 4a 46 49 46 00 01 01 00 00 ... 50 01 45 14 50 07 ff d9 [1890 bytes]
2026-04-10 03:36:46.465 [DEBUG] [FRAME►TX] frame sent  mode=ObjectDetection  size=1890B  t=03:36:46
2026-04-10 03:36:46.467 [DEBUG] < TEXT '{"type": "heartbeat"}' [21 bytes]
2026-04-10 03:36:46.468 [DEBUG] [HB◄RX] Heartbeat from server
2026-04-10 03:36:46.514 [DEBUG] > BINARY 00 ff d8 ff e0 00 10 4a 46 49 46 00 01 01 00 00 ... 28 00 a2 8a 28 03 ff d9 [1892 bytes]
2026-04-10 03:36:46.516 [DEBUG] [FRAME►TX] frame sent  mode=ObjectDetection  size=1892B  t=03:36:46
2026-04-10 03:36:46.518 [DEBUG] < TEXT '{"type": "heartbeat"}' [21 bytes]
2026-04-10 03:36:46.520 [DEBUG] [HB◄RX] Heartbeat from server
2026-04-10 03:36:46.575 [DEBUG] > BINARY 00 ff d8 ff e0 00 10 4a 46 49 46 00 01 01 00 00 ... 40 05 14 51 40 1f ff d9 [1883 bytes]
2026-04-10 03:36:46.578 [DEBUG] [FRAME►TX] frame sent  mode=ObjectDetection  size=1883B  t=03:36:46
2026-04-10 03:36:46.579 [DEBUG] < TEXT '{"type": "heartbeat"}' [21 bytes]
2026-04-10 03:36:46.580 [DEBUG] [HB◄RX] Heartbeat from server
2026-04-10 03:36:46.634 [DEBUG] > BINARY 00 ff d8 ff e0 00 10 4a 46 49 46 00 01 01 00 00 ... 00 14 51 45 02 3f ff d9 [1882 bytes]
2026-04-10 03:36:46.636 [DEBUG] [FRAME►TX] frame sent  mode=ObjectDetection  size=1882B  t=03:36:46
2026-04-10 03:36:46.700 [DEBUG] > BINARY 00 ff d8 ff e0 00 10 4a 46 49 46 00 01 01 00 00 ... d0 01 45 14 50 07 ff d9 [1882 bytes]
2026-04-10 03:36:46.702 [DEBUG] [FRAME►TX] frame sent  mode=ObjectDetection  size=1882B  t=03:36:46
2026-04-10 03:36:46.703 [DEBUG] < TEXT '{"type": "heartbeat"}' [21 bytes]
2026-04-10 03:36:46.705 [DEBUG] [HB◄RX] Heartbeat from server
2026-04-10 03:36:46.755 [DEBUG] > BINARY 00 ff d8 ff e0 00 10 4a 46 49 46 00 01 01 00 00 ... 40 05 14 51 40 1f ff d9 [1883 bytes]
2026-04-10 03:36:46.757 [DEBUG] [FRAME►TX] frame sent  mode=ObjectDetection  size=1883B  t=03:36:46
2026-04-10 03:36:46.759 [DEBUG] < TEXT '{"type": "heartbeat"}' [21 bytes]
2026-04-10 03:36:46.761 [DEBUG] [HB◄RX] Heartbeat from server
2026-04-10 03:36:46.813 [DEBUG] > BINARY 00 ff d8 ff e0 00 10 4a 46 49 46 00 01 01 00 00 ... a0 02 8a 28 a0 0f ff d9 [1878 bytes]
2026-04-10 03:36:46.816 [DEBUG] [FRAME►TX] frame sent  mode=ObjectDetection  size=1878B  t=03:36:46
2026-04-10 03:36:46.874 [DEBUG] > BINARY 00 ff d8 ff e0 00 10 4a 46 49 46 00 01 01 00 00 ... a0 02 8a 28 a0 0f ff d9 [1875 bytes]
2026-04-10 03:36:46.877 [DEBUG] [FRAME►TX] frame sent  mode=ObjectDetection  size=1875B  t=03:36:46
2026-04-10 03:36:46.879 [DEBUG] < TEXT '{"type": "heartbeat"}' [21 bytes]
2026-04-10 03:36:46.881 [DEBUG] [HB◄RX] Heartbeat from server
2026-04-10 03:36:46.934 [DEBUG] > BINARY 00 ff d8 ff e0 00 10 4a 46 49 46 00 01 01 00 00 ... 40 05 14 51 40 1f ff d9 [1883 bytes]
2026-04-10 03:36:46.938 [DEBUG] [FRAME►TX] frame sent  mode=ObjectDetection  size=1883B  t=03:36:46
2026-04-10 03:36:46.940 [DEBUG] < TEXT '{"type": "heartbeat"}' [21 bytes]
2026-04-10 03:36:46.941 [DEBUG] [HB◄RX] Heartbeat from server
2026-04-10 03:36:46.996 [DEBUG] > BINARY 00 ff d8 ff e0 00 10 4a 46 49 46 00 01 01 00 00 ... 50 01 45 14 50 07 ff d9 [1887 bytes]
2026-04-10 03:36:46.998 [DEBUG] [FRAME►TX] frame sent  mode=ObjectDetection  size=1887B  t=03:36:46
2026-04-10 03:36:47.058 [DEBUG] > BINARY 00 ff d8 ff e0 00 10 4a 46 49 46 00 01 01 00 00 ... 00 14 51 45 00 7f ff d9 [1888 bytes]
2026-04-10 03:36:47.061 [DEBUG] [FRAME►TX] frame sent  mode=ObjectDetection  size=1888B  t=03:36:47
2026-04-10 03:36:47.063 [DEBUG] < TEXT '{"type": "heartbeat"}' [21 bytes]
2026-04-10 03:36:47.065 [DEBUG] [HB◄RX] Heartbeat from server
2026-04-10 03:36:47.122 [DEBUG] > BINARY 00 ff d8 ff e0 00 10 4a 46 49 46 00 01 01 00 00 ... 8a 00 28 a2 8a 00 ff d9 [1881 bytes]
2026-04-10 03:36:47.124 [DEBUG] [FRAME►TX] frame sent  mode=ObjectDetection  size=1881B  t=03:36:47
2026-04-10 03:36:47.126 [DEBUG] < TEXT '{"type": "heartbeat"}' [21 bytes]
2026-04-10 03:36:47.127 [DEBUG] [HB◄RX] Heartbeat from server
2026-04-10 03:36:47.177 [DEBUG] > BINARY 00 ff d8 ff e0 00 10 4a 46 49 46 00 01 01 00 00 ... 50 01 45 14 50 07 ff d9 [1883 bytes]
2026-04-10 03:36:47.180 [DEBUG] [FRAME►TX] frame sent  mode=ObjectDetection  size=1883B  t=03:36:47
2026-04-10 03:36:47.181 [DEBUG] < TEXT '{"type": "heartbeat"}' [21 bytes]
2026-04-10 03:36:47.183 [DEBUG] [HB◄RX] Heartbeat from server
2026-04-10 03:36:47.236 [DEBUG] > BINARY 00 ff d8 ff e0 00 10 4a 46 49 46 00 01 01 00 00 ... 00 14 51 45 00 7f ff d9 [1882 bytes]
2026-04-10 03:36:47.238 [DEBUG] [FRAME►TX] frame sent  mode=ObjectDetection  size=1882B  t=03:36:47
2026-04-10 03:36:47.240 [DEBUG] < TEXT '{"type": "heartbeat"}' [21 bytes]
2026-04-10 03:36:47.242 [DEBUG] [HB◄RX] Heartbeat from server
2026-04-10 03:36:47.299 [DEBUG] > BINARY 00 ff d8 ff e0 00 10 4a 46 49 46 00 01 01 00 00 ... 8a 00 28 a2 8a 00 ff d9 [1878 bytes]
2026-04-10 03:36:47.302 [DEBUG] [FRAME►TX] frame sent  mode=ObjectDetection  size=1878B  t=03:36:47
2026-04-10 03:36:47.303 [DEBUG] < TEXT '{"type": "heartbeat"}' [21 bytes]
2026-04-10 03:36:47.305 [DEBUG] [HB◄RX] Heartbeat from server
2026-04-10 03:36:47.363 [DEBUG] > BINARY 00 ff d8 ff e0 00 10 4a 46 49 46 00 01 01 00 00 ... 50 01 45 14 50 07 ff d9 [1882 bytes]
2026-04-10 03:36:47.366 [DEBUG] [FRAME►TX] frame sent  mode=ObjectDetection  size=1882B  t=03:36:47
2026-04-10 03:36:47.367 [DEBUG] < TEXT '{"type": "heartbeat"}' [21 bytes]
2026-04-10 03:36:47.369 [DEBUG] < TEXT '{"type": "heartbeat"}' [21 bytes]
2026-04-10 03:36:47.370 [DEBUG] [HB◄RX] Heartbeat from server
2026-04-10 03:36:47.423 [DEBUG] > BINARY 00 ff d8 ff e0 00 10 4a 46 49 46 00 01 01 00 00 ... 80 0a 28 a2 80 3f ff d9 [1887 bytes]
2026-04-10 03:36:47.426 [DEBUG] [FRAME►TX] frame sent  mode=ObjectDetection  size=1887B  t=03:36:47
2026-04-10 03:36:47.427 [DEBUG] [HB◄RX] Heartbeat from server
2026-04-10 03:36:47.479 [DEBUG] > BINARY 00 ff d8 ff e0 00 10 4a 46 49 46 00 01 01 00 00 ... 8a 00 28 a2 8a 00 ff d9 [1881 bytes]
2026-04-10 03:36:47.483 [DEBUG] [FRAME►TX] frame sent  mode=ObjectDetection  size=1881B  t=03:36:47
2026-04-10 03:36:47.486 [DEBUG] < TEXT '{"type": "heartbeat"}' [21 bytes]
2026-04-10 03:36:47.487 [DEBUG] [HB◄RX] Heartbeat from server
2026-04-10 03:36:47.538 [DEBUG] > BINARY 00 ff d8 ff e0 00 10 4a 46 49 46 00 01 01 00 00 ... 14 00 51 45 14 01 ff d9 [1890 bytes]
2026-04-10 03:36:47.540 [DEBUG] [FRAME►TX] frame sent  mode=ObjectDetection  size=1890B  t=03:36:47
2026-04-10 03:36:47.542 [DEBUG] < TEXT '{"type": "heartbeat"}' [21 bytes]
2026-04-10 03:36:47.543 [DEBUG] [HB◄RX] Heartbeat from server
2026-04-10 03:36:47.598 [DEBUG] > BINARY 00 ff d8 ff e0 00 10 4a 46 49 46 00 01 01 00 00 ... 28 00 a2 8a 28 03 ff d9 [1885 bytes]
2026-04-10 03:36:47.600 [DEBUG] [FRAME►TX] frame sent  mode=ObjectDetection  size=1885B  t=03:36:47
2026-04-10 03:36:47.602 [DEBUG] < TEXT '{"type": "heartbeat"}' [21 bytes]
2026-04-10 03:36:47.603 [DEBUG] [HB◄RX] Heartbeat from server
2026-04-10 03:36:47.659 [DEBUG] > BINARY 00 ff d8 ff e0 00 10 4a 46 49 46 00 01 01 00 00 ... 50 01 45 14 50 07 ff d9 [1889 bytes]
2026-04-10 03:36:47.662 [DEBUG] [FRAME►TX] frame sent  mode=ObjectDetection  size=1889B  t=03:36:47
2026-04-10 03:36:47.664 [DEBUG] < TEXT '{"type": "heartbeat"}' [21 bytes]
2026-04-10 03:36:47.665 [DEBUG] < TEXT '{"type": "heartbeat"}' [21 bytes]
2026-04-10 03:36:47.667 [DEBUG] [HB◄RX] Heartbeat from server
2026-04-10 03:36:47.718 [DEBUG] > BINARY 00 ff d8 ff e0 00 10 4a 46 49 46 00 01 01 00 00 ... 50 01 45 14 50 07 ff d9 [1881 bytes]
2026-04-10 03:36:47.721 [DEBUG] [FRAME►TX] frame sent  mode=ObjectDetection  size=1881B  t=03:36:47
2026-04-10 03:36:47.723 [DEBUG] < TEXT '{"type": "heartbeat"}' [21 bytes]
2026-04-10 03:36:47.724 [DEBUG] [HB◄RX] Heartbeat from server
2026-04-10 03:36:47.783 [DEBUG] > BINARY 00 ff d8 ff e0 00 10 4a 46 49 46 00 01 01 00 00 ... 14 00 51 45 14 01 ff d9 [1884 bytes]
2026-04-10 03:36:47.785 [DEBUG] [FRAME►TX] frame sent  mode=ObjectDetection  size=1884B  t=03:36:47
2026-04-10 03:36:47.787 [DEBUG] < TEXT '{"type": "heartbeat"}' [21 bytes]
2026-04-10 03:36:47.788 [DEBUG] [HB◄RX] Heartbeat from server
2026-04-10 03:36:47.839 [DEBUG] > BINARY 00 ff d8 ff e0 00 10 4a 46 49 46 00 01 01 00 00 ... 40 05 14 51 40 1f ff d9 [1888 bytes]
2026-04-10 03:36:47.842 [DEBUG] [FRAME►TX] frame sent  mode=ObjectDetection  size=1888B  t=03:36:47
2026-04-10 03:36:47.844 [DEBUG] < TEXT '{"type": "heartbeat"}' [21 bytes]
2026-04-10 03:36:47.845 [DEBUG] [HB◄RX] Heartbeat from server
2026-04-10 03:36:47.896 [DEBUG] > BINARY 00 ff d8 ff e0 00 10 4a 46 49 46 00 01 01 00 00 ... 80 0a 28 a2 80 3f ff d9 [1888 bytes]
2026-04-10 03:36:47.899 [DEBUG] [FRAME►TX] frame sent  mode=ObjectDetection  size=1888B  t=03:36:47
2026-04-10 03:36:47.900 [DEBUG] < TEXT '{"type": "heartbeat"}' [21 bytes]
2026-04-10 03:36:47.902 [DEBUG] [HB◄RX] Heartbeat from server
2026-04-10 03:36:47.963 [DEBUG] > BINARY 00 ff d8 ff e0 00 10 4a 46 49 46 00 01 01 00 00 ... 40 05 14 51 40 1f ff d9 [1885 bytes]
2026-04-10 03:36:47.965 [DEBUG] [FRAME►TX] frame sent  mode=ObjectDetection  size=1885B  t=03:36:47
2026-04-10 03:36:47.967 [DEBUG] < TEXT '{"type": "heartbeat"}' [21 bytes]
2026-04-10 03:36:47.968 [DEBUG] [HB◄RX] Heartbeat from server
2026-04-10 03:36:48.026 [DEBUG] > BINARY 00 ff d8 ff e0 00 10 4a 46 49 46 00 01 01 00 00 ... a0 02 8a 28 a0 0f ff d9 [1888 bytes]
2026-04-10 03:36:48.028 [DEBUG] [FRAME►TX] frame sent  mode=ObjectDetection  size=1888B  t=03:36:48
2026-04-10 03:36:48.030 [DEBUG] < TEXT '{"type": "heartbeat"}' [21 bytes]
2026-04-10 03:36:48.031 [DEBUG] [HB◄RX] Heartbeat from server
2026-04-10 03:36:48.084 [DEBUG] > BINARY 00 ff d8 ff e0 00 10 4a 46 49 46 00 01 01 00 00 ... 8a 00 28 a2 8a 00 ff d9 [1885 bytes]
2026-04-10 03:36:48.086 [DEBUG] [FRAME►TX] frame sent  mode=ObjectDetection  size=1885B  t=03:36:48
2026-04-10 03:36:48.088 [DEBUG] < TEXT '{"type": "heartbeat"}' [21 bytes]
2026-04-10 03:36:48.089 [INFO] TTS Worker: Ready. Streaming mode active.
2026-04-10 03:36:48.090 [DEBUG] [HB◄RX] Heartbeat from server
2026-04-10 03:36:48.144 [DEBUG] > BINARY 00 ff d8 ff e0 00 10 4a 46 49 46 00 01 01 00 00 ... 50 01 45 14 50 07 ff d9 [1886 bytes]
2026-04-10 03:36:48.146 [DEBUG] [FRAME►TX] frame sent  mode=ObjectDetection  size=1886B  t=03:36:48
2026-04-10 03:36:48.148 [DEBUG] < TEXT '{"type": "heartbeat"}' [21 bytes]
2026-04-10 03:36:48.150 [DEBUG] [HB◄RX] Heartbeat from server
2026-04-10 03:36:48.207 [DEBUG] > BINARY 00 ff d8 ff e0 00 10 4a 46 49 46 00 01 01 00 00 ... 14 00 51 45 14 01 ff d9 [1886 bytes]
2026-04-10 03:36:48.209 [DEBUG] [FRAME►TX] frame sent  mode=ObjectDetection  size=1886B  t=03:36:48
2026-04-10 03:36:48.211 [DEBUG] < TEXT '{"type": "heartbeat"}' [21 bytes]
2026-04-10 03:36:48.212 [DEBUG] [HB◄RX] Heartbeat from server
2026-04-10 03:36:48.260 [DEBUG] > BINARY 00 ff d8 ff e0 00 10 4a 46 49 46 00 01 01 00 00 ... 80 0a 28 a2 80 3f ff d9 [1887 bytes]
2026-04-10 03:36:48.262 [DEBUG] [FRAME►TX] frame sent  mode=ObjectDetection  size=1887B  t=03:36:48
2026-04-10 03:36:48.264 [DEBUG] < TEXT '{"type": "heartbeat"}' [21 bytes]
2026-04-10 03:36:48.266 [DEBUG] [HB◄RX] Heartbeat from server
2026-04-10 03:36:48.322 [DEBUG] > BINARY 00 ff d8 ff e0 00 10 4a 46 49 46 00 01 01 00 00 ... 40 05 14 51 40 1f ff d9 [1888 bytes]
2026-04-10 03:36:48.324 [DEBUG] [FRAME►TX] frame sent  mode=ObjectDetection  size=1888B  t=03:36:48
2026-04-10 03:36:48.326 [DEBUG] < TEXT '{"type": "heartbeat"}' [21 bytes]
2026-04-10 03:36:48.327 [DEBUG] [HB◄RX] Heartbeat from server
2026-04-10 03:36:48.383 [DEBUG] > BINARY 00 ff d8 ff e0 00 10 4a 46 49 46 00 01 01 00 00 ... 40 05 14 51 40 1f ff d9 [1888 bytes]
2026-04-10 03:36:48.385 [DEBUG] [FRAME►TX] frame sent  mode=ObjectDetection  size=1888B  t=03:36:48
2026-04-10 03:36:48.387 [DEBUG] < TEXT '{"type": "heartbeat"}' [21 bytes]
2026-04-10 03:36:48.388 [DEBUG] [HB◄RX] Heartbeat from server
2026-04-10 03:36:48.447 [DEBUG] > BINARY 00 ff d8 ff e0 00 10 4a 46 49 46 00 01 01 00 00 ... 50 01 45 14 50 07 ff d9 [1888 bytes]
2026-04-10 03:36:48.449 [DEBUG] [FRAME►TX] frame sent  mode=ObjectDetection  size=1888B  t=03:36:48
2026-04-10 03:36:48.451 [DEBUG] < TEXT '{"type": "heartbeat"}' [21 bytes]
2026-04-10 03:36:48.452 [DEBUG] [HB◄RX] Heartbeat from server
2026-04-10 03:36:48.504 [DEBUG] > BINARY 00 ff d8 ff e0 00 10 4a 46 49 46 00 01 01 00 00 ... 00 14 51 45 00 7f ff d9 [1883 bytes]
2026-04-10 03:36:48.506 [DEBUG] [FRAME►TX] frame sent  mode=ObjectDetection  size=1883B  t=03:36:48
2026-04-10 03:36:48.508 [DEBUG] < TEXT '{"type": "heartbeat"}' [21 bytes]
2026-04-10 03:36:48.509 [DEBUG] [HB◄RX] Heartbeat from server
2026-04-10 03:36:48.568 [DEBUG] > BINARY 00 ff d8 ff e0 00 10 4a 46 49 46 00 01 01 00 00 ... 40 05 14 51 40 1f ff d9 [1883 bytes]
2026-04-10 03:36:48.570 [DEBUG] [FRAME►TX] frame sent  mode=ObjectDetection  size=1883B  t=03:36:48
2026-04-10 03:36:48.571 [DEBUG] < TEXT '{"type": "heartbeat"}' [21 bytes]
2026-04-10 03:36:48.572 [DEBUG] [HB◄RX] Heartbeat from server
2026-04-10 03:36:48.622 [DEBUG] > BINARY 00 ff d8 ff e0 00 10 4a 46 49 46 00 01 01 00 00 ... 40 05 14 51 40 1f ff d9 [1887 bytes]
2026-04-10 03:36:48.624 [DEBUG] [FRAME►TX] frame sent  mode=ObjectDetection  size=1887B  t=03:36:48
2026-04-10 03:36:48.626 [DEBUG] < TEXT '{"type": "heartbeat"}' [21 bytes]
2026-04-10 03:36:48.627 [DEBUG] [HB◄RX] Heartbeat from server
2026-04-10 03:36:48.686 [DEBUG] > BINARY 00 ff d8 ff e0 00 10 4a 46 49 46 00 01 01 00 00 ... 8a 00 28 a2 8a 00 ff d9 [1881 bytes]
2026-04-10 03:36:48.688 [DEBUG] [FRAME►TX] frame sent  mode=ObjectDetection  size=1881B  t=03:36:48
2026-04-10 03:36:48.689 [DEBUG] < TEXT '{"type": "heartbeat"}' [21 bytes]
2026-04-10 03:36:48.690 [DEBUG] [HB◄RX] Heartbeat from server
2026-04-10 03:36:48.745 [DEBUG] > BINARY 00 ff d8 ff e0 00 10 4a 46 49 46 00 01 01 00 00 ... 50 01 45 14 50 07 ff d9 [1879 bytes]
2026-04-10 03:36:48.748 [DEBUG] [FRAME►TX] frame sent  mode=ObjectDetection  size=1879B  t=03:36:48
2026-04-10 03:36:48.751 [DEBUG] < TEXT '{"type": "heartbeat"}' [21 bytes]
2026-04-10 03:36:48.753 [DEBUG] [HB◄RX] Heartbeat from server
2026-04-10 03:36:48.802 [DEBUG] > BINARY 00 ff d8 ff e0 00 10 4a 46 49 46 00 01 01 00 00 ... 00 14 51 45 00 7f ff d9 [1881 bytes]
2026-04-10 03:36:48.805 [DEBUG] [FRAME►TX] frame sent  mode=ObjectDetection  size=1881B  t=03:36:48
2026-04-10 03:36:48.806 [DEBUG] < TEXT '{"type": "heartbeat"}' [21 bytes]
2026-04-10 03:36:48.808 [DEBUG] [HB◄RX] Heartbeat from server
2026-04-10 03:36:48.863 [DEBUG] > BINARY 00 ff d8 ff e0 00 10 4a 46 49 46 00 01 01 00 00 ... 00 14 51 45 00 7f ff d9 [1883 bytes]
2026-04-10 03:36:48.865 [DEBUG] [FRAME►TX] frame sent  mode=ObjectDetection  size=1883B  t=03:36:48
2026-04-10 03:36:48.867 [DEBUG] < TEXT '{"type": "heartbeat"}' [21 bytes]
2026-04-10 03:36:48.869 [DEBUG] [HB◄RX] Heartbeat from server
2026-04-10 03:36:48.927 [DEBUG] > BINARY 00 ff d8 ff e0 00 10 4a 46 49 46 00 01 01 00 00 ... a0 02 8a 28 a0 0f ff d9 [1878 bytes]
2026-04-10 03:36:48.929 [DEBUG] [FRAME►TX] frame sent  mode=ObjectDetection  size=1878B  t=03:36:48
2026-04-10 03:36:48.931 [DEBUG] < TEXT '{"type": "heartbeat"}' [21 bytes]
2026-04-10 03:36:48.932 [DEBUG] [HB◄RX] Heartbeat from server
2026-04-10 03:36:48.986 [DEBUG] > BINARY 00 ff d8 ff e0 00 10 4a 46 49 46 00 01 01 00 00 ... 14 00 51 45 14 01 ff d9 [1883 bytes]
2026-04-10 03:36:48.989 [DEBUG] [FRAME►TX] frame sent  mode=ObjectDetection  size=1883B  t=03:36:48
2026-04-10 03:36:48.991 [DEBUG] < TEXT '{"type": "heartbeat"}' [21 bytes]
2026-04-10 03:36:48.992 [DEBUG] [HB◄RX] Heartbeat from server
2026-04-10 03:36:49.047 [DEBUG] > BINARY 00 ff d8 ff e0 00 10 4a 46 49 46 00 01 01 00 00 ... 00 14 51 45 00 7f ff d9 [1889 bytes]
2026-04-10 03:36:49.049 [DEBUG] [FRAME►TX] frame sent  mode=ObjectDetection  size=1889B  t=03:36:49
2026-04-10 03:36:49.051 [DEBUG] < TEXT '{"type": "heartbeat"}' [21 bytes]
2026-04-10 03:36:49.052 [DEBUG] [HB◄RX] Heartbeat from server
2026-04-10 03:36:49.103 [DEBUG] > BINARY 00 ff d8 ff e0 00 10 4a 46 49 46 00 01 01 00 00 ... 14 00 51 45 14 01 ff d9 [1889 bytes]
2026-04-10 03:36:49.105 [DEBUG] [FRAME►TX] frame sent  mode=ObjectDetection  size=1889B  t=03:36:49
2026-04-10 03:36:49.106 [DEBUG] < TEXT '{"type": "heartbeat"}' [21 bytes]
2026-04-10 03:36:49.107 [DEBUG] [HB◄RX] Heartbeat from server
2026-04-10 03:36:49.172 [DEBUG] > BINARY 00 ff d8 ff e0 00 10 4a 46 49 46 00 01 01 00 00 ... 50 01 45 14 50 07 ff d9 [1886 bytes]
2026-04-10 03:36:49.175 [DEBUG] [FRAME►TX] frame sent  mode=ObjectDetection  size=1886B  t=03:36:49
2026-04-10 03:36:49.177 [DEBUG] < TEXT '{"type": "heartbeat"}' [21 bytes]
2026-04-10 03:36:49.178 [DEBUG] [HB◄RX] Heartbeat from server
2026-04-10 03:36:49.226 [DEBUG] > BINARY 00 ff d8 ff e0 00 10 4a 46 49 46 00 01 01 00 00 ... 50 01 45 14 50 07 ff d9 [1888 bytes]
2026-04-10 03:36:49.228 [DEBUG] [FRAME►TX] frame sent  mode=ObjectDetection  size=1888B  t=03:36:49
2026-04-10 03:36:49.230 [DEBUG] < TEXT '{"type": "heartbeat"}' [21 bytes]
2026-04-10 03:36:49.231 [DEBUG] [HB◄RX] Heartbeat from server
2026-04-10 03:36:49.290 [DEBUG] > BINARY 00 ff d8 ff e0 00 10 4a 46 49 46 00 01 01 00 00 ... 40 05 14 51 40 1f ff d9 [1886 bytes]
2026-04-10 03:36:49.292 [DEBUG] [FRAME►TX] frame sent  mode=ObjectDetection  size=1886B  t=03:36:49
2026-04-10 03:36:49.293 [DEBUG] < TEXT '{"type": "heartbeat"}' [21 bytes]
2026-04-10 03:36:49.294 [DEBUG] [HB◄RX] Heartbeat from server
2026-04-10 03:36:49.347 [DEBUG] > BINARY 00 ff d8 ff e0 00 10 4a 46 49 46 00 01 01 00 00 ... 14 00 51 45 14 01 ff d9 [1891 bytes]
2026-04-10 03:36:49.350 [DEBUG] [FRAME►TX] frame sent  mode=ObjectDetection  size=1891B  t=03:36:49
2026-04-10 03:36:49.352 [DEBUG] < TEXT '{"type": "heartbeat"}' [21 bytes]
2026-04-10 03:36:49.353 [DEBUG] [HB◄RX] Heartbeat from server
2026-04-10 03:36:49.406 [DEBUG] > BINARY 00 ff d8 ff e0 00 10 4a 46 49 46 00 01 01 00 00 ... 28 00 a2 8a 28 03 ff d9 [1884 bytes]
2026-04-10 03:36:49.408 [DEBUG] [FRAME►TX] frame sent  mode=ObjectDetection  size=1884B  t=03:36:49
2026-04-10 03:36:49.410 [DEBUG] < TEXT '{"type": "heartbeat"}' [21 bytes]
2026-04-10 03:36:49.411 [DEBUG] [HB◄RX] Heartbeat from server
2026-04-10 03:36:49.466 [DEBUG] > BINARY 00 ff d8 ff e0 00 10 4a 46 49 46 00 01 01 00 00 ... 50 01 45 14 50 23 ff d9 [1880 bytes]
2026-04-10 03:36:49.469 [DEBUG] [FRAME►TX] frame sent  mode=ObjectDetection  size=1880B  t=03:36:49
2026-04-10 03:36:49.471 [DEBUG] < TEXT '{"type": "heartbeat"}' [21 bytes]
2026-04-10 03:36:49.472 [DEBUG] [HB◄RX] Heartbeat from server
2026-04-10 03:36:49.526 [DEBUG] > BINARY 00 ff d8 ff e0 00 10 4a 46 49 46 00 01 01 00 00 ... 14 00 51 45 14 01 ff d9 [1881 bytes]
2026-04-10 03:36:49.528 [DEBUG] [FRAME►TX] frame sent  mode=ObjectDetection  size=1881B  t=03:36:49
2026-04-10 03:36:49.530 [DEBUG] < TEXT '{"type": "heartbeat"}' [21 bytes]
2026-04-10 03:36:49.531 [DEBUG] [HB◄RX] Heartbeat from server
2026-04-10 03:36:49.587 [DEBUG] > BINARY 00 ff d8 ff e0 00 10 4a 46 49 46 00 01 01 00 00 ... 00 14 51 45 00 7f ff d9 [1877 bytes]
2026-04-10 03:36:49.589 [DEBUG] [FRAME►TX] frame sent  mode=ObjectDetection  size=1877B  t=03:36:49
2026-04-10 03:36:49.591 [DEBUG] < TEXT '{"type": "heartbeat"}' [21 bytes]
2026-04-10 03:36:49.592 [DEBUG] < TEXT '{"type": "heartbeat"}' [21 bytes]
2026-04-10 03:36:49.593 [DEBUG] [HB◄RX] Heartbeat from server
2026-04-10 03:36:49.648 [DEBUG] > BINARY 00 ff d8 ff e0 00 10 4a 46 49 46 00 01 01 00 00 ... 40 05 14 51 40 1f ff d9 [1885 bytes]
2026-04-10 03:36:49.650 [DEBUG] [FRAME►TX] frame sent  mode=ObjectDetection  size=1885B  t=03:36:49
2026-04-10 03:36:49.651 [DEBUG] [HB◄RX] Heartbeat from server
2026-04-10 03:36:49.707 [DEBUG] > BINARY 00 ff d8 ff e0 00 10 4a 46 49 46 00 01 01 00 00 ... 50 01 45 14 50 07 ff d9 [1884 bytes]
2026-04-10 03:36:49.710 [DEBUG] [FRAME►TX] frame sent  mode=ObjectDetection  size=1884B  t=03:36:49
2026-04-10 03:36:49.712 [DEBUG] < TEXT '{"type": "heartbeat"}' [21 bytes]
2026-04-10 03:36:49.713 [DEBUG] [HB◄RX] Heartbeat from server
2026-04-10 03:36:49.766 [DEBUG] > BINARY 00 ff d8 ff e0 00 10 4a 46 49 46 00 01 01 00 00 ... 40 05 14 51 40 1f ff d9 [1887 bytes]
2026-04-10 03:36:49.768 [DEBUG] [FRAME►TX] frame sent  mode=ObjectDetection  size=1887B  t=03:36:49
2026-04-10 03:36:49.770 [DEBUG] < TEXT '{"type": "heartbeat"}' [21 bytes]
2026-04-10 03:36:49.771 [DEBUG] [HB◄RX] Heartbeat from server
2026-04-10 03:36:49.825 [DEBUG] > BINARY 00 ff d8 ff e0 00 10 4a 46 49 46 00 01 01 00 00 ... 14 00 51 45 14 01 ff d9 [1884 bytes]
2026-04-10 03:36:49.827 [DEBUG] [FRAME►TX] frame sent  mode=ObjectDetection  size=1884B  t=03:36:49
2026-04-10 03:36:49.829 [DEBUG] < TEXT '{"type": "heartbeat"}' [21 bytes]
2026-04-10 03:36:49.830 [DEBUG] [HB◄RX] Heartbeat from server
2026-04-10 03:36:49.888 [DEBUG] > BINARY 00 ff d8 ff e0 00 10 4a 46 49 46 00 01 01 00 00 ... 00 14 51 45 00 7f ff d9 [1888 bytes]
2026-04-10 03:36:49.890 [DEBUG] [FRAME►TX] frame sent  mode=ObjectDetection  size=1888B  t=03:36:49
2026-04-10 03:36:49.892 [DEBUG] < TEXT '{"type": "heartbeat"}' [21 bytes]
2026-04-10 03:36:49.893 [DEBUG] < TEXT '{"type": "heartbeat"}' [21 bytes]
2026-04-10 03:36:49.894 [DEBUG] [HB◄RX] Heartbeat from server
2026-04-10 03:36:49.950 [DEBUG] > BINARY 00 ff d8 ff e0 00 10 4a 46 49 46 00 01 01 00 00 ... 80 0a 28 a2 80 3f ff d9 [1893 bytes]
2026-04-10 03:36:49.953 [DEBUG] [FRAME►TX] frame sent  mode=ObjectDetection  size=1893B  t=03:36:49
2026-04-10 03:36:49.955 [DEBUG] < TEXT '{"type": "heartbeat"}' [21 bytes]
2026-04-10 03:36:49.956 [DEBUG] [HB◄RX] Heartbeat from server
2026-04-10 03:36:50.012 [DEBUG] > BINARY 00 ff d8 ff e0 00 10 4a 46 49 46 00 01 01 00 00 ... 50 01 45 14 50 07 ff d9 [1889 bytes]
2026-04-10 03:36:50.014 [DEBUG] [FRAME►TX] frame sent  mode=ObjectDetection  size=1889B  t=03:36:50
2026-04-10 03:36:50.015 [DEBUG] [HB◄RX] Heartbeat from server
2026-04-10 03:36:50.076 [DEBUG] > BINARY 00 ff d8 ff e0 00 10 4a 46 49 46 00 01 01 00 00 ... 00 94 b4 51 40 1f ff d9 [1882 bytes]
2026-04-10 03:36:50.078 [DEBUG] [FRAME►TX] frame sent  mode=ObjectDetection  size=1882B  t=03:36:50
2026-04-10 03:36:50.079 [DEBUG] < TEXT '{"type": "heartbeat"}' [21 bytes]
2026-04-10 03:36:50.080 [DEBUG] [HB◄RX] Heartbeat from server
2026-04-10 03:36:50.129 [DEBUG] > BINARY 00 ff d8 ff e0 00 10 4a 46 49 46 00 01 01 00 00 ... 00 a2 8a 4a 04 7f ff d9 [1877 bytes]
2026-04-10 03:36:50.131 [DEBUG] [FRAME►TX] frame sent  mode=ObjectDetection  size=1877B  t=03:36:50
2026-04-10 03:36:50.133 [DEBUG] < TEXT '{"type": "heartbeat"}' [21 bytes]
2026-04-10 03:36:50.134 [DEBUG] [HB◄RX] Heartbeat from server
2026-04-10 03:36:50.194 [DEBUG] > BINARY 00 ff d8 ff e0 00 10 4a 46 49 46 00 01 01 00 00 ... 50 01 45 14 50 23 ff d9 [1877 bytes]
2026-04-10 03:36:50.196 [DEBUG] [FRAME►TX] frame sent  mode=ObjectDetection  size=1877B  t=03:36:50
2026-04-10 03:36:50.197 [DEBUG] < TEXT '{"type": "heartbeat"}' [21 bytes]
2026-04-10 03:36:50.198 [DEBUG] [HB◄RX] Heartbeat from server
2026-04-10 03:36:50.249 [DEBUG] > BINARY 00 ff d8 ff e0 00 10 4a 46 49 46 00 01 01 00 00 ... 28 00 a2 8a 28 03 ff d9 [1881 bytes]
2026-04-10 03:36:50.251 [DEBUG] [FRAME►TX] frame sent  mode=ObjectDetection  size=1881B  t=03:36:50
2026-04-10 03:36:50.253 [DEBUG] < TEXT '{"type": "heartbeat"}' [21 bytes]
2026-04-10 03:36:50.254 [DEBUG] [HB◄RX] Heartbeat from server
2026-04-10 03:36:50.309 [DEBUG] > BINARY 00 ff d8 ff e0 00 10 4a 46 49 46 00 01 01 00 00 ... 14 00 51 45 14 01 ff d9 [1880 bytes]
2026-04-10 03:36:50.312 [DEBUG] [FRAME►TX] frame sent  mode=ObjectDetection  size=1880B  t=03:36:50
2026-04-10 03:36:50.314 [DEBUG] < TEXT '{"type": "heartbeat"}' [21 bytes]
2026-04-10 03:36:50.316 [DEBUG] < TEXT '{"type": "heartbeat"}' [21 bytes]
2026-04-10 03:36:50.318 [DEBUG] [HB◄RX] Heartbeat from server
2026-04-10 03:36:50.367 [DEBUG] > BINARY 00 ff d8 ff e0 00 10 4a 46 49 46 00 01 01 00 00 ... 14 00 51 45 14 01 ff d9 [1881 bytes]
2026-04-10 03:36:50.369 [DEBUG] [FRAME►TX] frame sent  mode=ObjectDetection  size=1881B  t=03:36:50
2026-04-10 03:36:50.370 [DEBUG] < TEXT '{"type": "heartbeat"}' [21 bytes]
2026-04-10 03:36:50.372 [DEBUG] [HB◄RX] Heartbeat from server
2026-04-10 03:36:50.430 [DEBUG] > BINARY 00 ff d8 ff e0 00 10 4a 46 49 46 00 01 01 00 00 ... 28 00 a2 8a 28 03 ff d9 [1879 bytes]
2026-04-10 03:36:50.432 [DEBUG] [FRAME►TX] frame sent  mode=ObjectDetection  size=1879B  t=03:36:50
2026-04-10 03:36:50.433 [DEBUG] [HB◄RX] Heartbeat from server
2026-04-10 03:36:50.491 [DEBUG] > BINARY 00 ff d8 ff e0 00 10 4a 46 49 46 00 01 01 00 00 ... 80 0a 28 a2 80 3f ff d9 [1881 bytes]
2026-04-10 03:36:50.494 [DEBUG] [FRAME►TX] frame sent  mode=ObjectDetection  size=1881B  t=03:36:50
2026-04-10 03:36:50.496 [DEBUG] < TEXT '{"type": "heartbeat"}' [21 bytes]
2026-04-10 03:36:50.497 [DEBUG] [HB◄RX] Heartbeat from server
2026-04-10 03:36:50.554 [DEBUG] > BINARY 00 ff d8 ff e0 00 10 4a 46 49 46 00 01 01 00 00 ... 80 0a 28 a2 80 3f ff d9 [1885 bytes]
2026-04-10 03:36:50.556 [DEBUG] [FRAME►TX] frame sent  mode=ObjectDetection  size=1885B  t=03:36:50
2026-04-10 03:36:50.558 [DEBUG] < TEXT '{"type": "heartbeat"}' [21 bytes]
2026-04-10 03:36:50.559 [DEBUG] [HB◄RX] Heartbeat from server
2026-04-10 03:36:50.616 [DEBUG] > BINARY 00 ff d8 ff e0 00 10 4a 46 49 46 00 01 01 00 00 ... 8a 00 28 a2 8a 00 ff d9 [1886 bytes]
2026-04-10 03:36:50.618 [DEBUG] [FRAME►TX] frame sent  mode=ObjectDetection  size=1886B  t=03:36:50
2026-04-10 03:36:50.619 [DEBUG] < TEXT '{"type": "heartbeat"}' [21 bytes]
2026-04-10 03:36:50.620 [DEBUG] [HB◄RX] Heartbeat from server
2026-04-10 03:36:50.671 [DEBUG] > BINARY 00 ff d8 ff e0 00 10 4a 46 49 46 00 01 01 00 00 ... 8a 00 28 a2 8a 00 ff d9 [1886 bytes]
2026-04-10 03:36:50.673 [DEBUG] [FRAME►TX] frame sent  mode=ObjectDetection  size=1886B  t=03:36:50
2026-04-10 03:36:50.675 [DEBUG] < TEXT '{"type": "heartbeat"}' [21 bytes]
2026-04-10 03:36:50.676 [DEBUG] [HB◄RX] Heartbeat from server
2026-04-10 03:36:50.734 [DEBUG] > BINARY 00 ff d8 ff e0 00 10 4a 46 49 46 00 01 01 00 00 ... 8a 00 28 a2 8a 00 ff d9 [1884 bytes]
2026-04-10 03:36:50.736 [DEBUG] [FRAME►TX] frame sent  mode=ObjectDetection  size=1884B  t=03:36:50
2026-04-10 03:36:50.737 [DEBUG] < TEXT '{"type": "heartbeat"}' [21 bytes]
2026-04-10 03:36:50.738 [DEBUG] < TEXT '{"type": "heartbeat"}' [21 bytes]
2026-04-10 03:36:50.739 [DEBUG] [HB◄RX] Heartbeat from server
2026-04-10 03:36:50.799 [DEBUG] > BINARY 00 ff d8 ff e0 00 10 4a 46 49 46 00 01 01 00 00 ... 00 4a 5a 28 a0 47 ff d9 [1877 bytes]
2026-04-10 03:36:50.800 [DEBUG] [FRAME►TX] frame sent  mode=ObjectDetection  size=1877B  t=03:36:50
2026-04-10 03:36:50.802 [DEBUG] [HB◄RX] Heartbeat from server
2026-04-10 03:36:50.855 [DEBUG] > BINARY 00 ff d8 ff e0 00 10 4a 46 49 46 00 01 01 00 00 ... 8a 00 28 a2 8a 00 ff d9 [1879 bytes]
2026-04-10 03:36:50.857 [DEBUG] [FRAME►TX] frame sent  mode=ObjectDetection  size=1879B  t=03:36:50
2026-04-10 03:36:50.859 [DEBUG] < TEXT '{"type": "heartbeat"}' [21 bytes]
2026-04-10 03:36:50.860 [DEBUG] [HB◄RX] Heartbeat from server
2026-04-10 03:36:50.914 [DEBUG] > BINARY 00 ff d8 ff e0 00 10 4a 46 49 46 00 01 01 00 00 ... 14 00 51 45 14 01 ff d9 [1875 bytes]
2026-04-10 03:36:50.916 [DEBUG] [FRAME►TX] frame sent  mode=ObjectDetection  size=1875B  t=03:36:50
2026-04-10 03:36:50.918 [DEBUG] < TEXT '{"type": "heartbeat"}' [21 bytes]
2026-04-10 03:36:50.919 [DEBUG] [HB◄RX] Heartbeat from server
2026-04-10 03:36:50.973 [DEBUG] > BINARY 00 ff d8 ff e0 00 10 4a 46 49 46 00 01 01 00 00 ... 00 14 51 45 00 7f ff d9 [1883 bytes]
2026-04-10 03:36:50.975 [DEBUG] [FRAME►TX] frame sent  mode=ObjectDetection  size=1883B  t=03:36:50
2026-04-10 03:36:50.977 [DEBUG] < TEXT '{"type": "heartbeat"}' [21 bytes]
2026-04-10 03:36:50.978 [DEBUG] [HB◄RX] Heartbeat from server
2026-04-10 03:36:51.037 [DEBUG] > BINARY 00 ff d8 ff e0 00 10 4a 46 49 46 00 01 01 00 00 ... 00 14 51 45 00 7f ff d9 [1878 bytes]
2026-04-10 03:36:51.039 [DEBUG] [FRAME►TX] frame sent  mode=ObjectDetection  size=1878B  t=03:36:51
2026-04-10 03:36:51.041 [DEBUG] < TEXT '{"type": "heartbeat"}' [21 bytes]
2026-04-10 03:36:51.042 [DEBUG] [HB◄RX] Heartbeat from server
2026-04-10 03:36:51.100 [DEBUG] > BINARY 00 ff d8 ff e0 00 10 4a 46 49 46 00 01 01 00 00 ... 8a 00 28 a2 8a 00 ff d9 [1879 bytes]
2026-04-10 03:36:51.103 [DEBUG] [FRAME►TX] frame sent  mode=ObjectDetection  size=1879B  t=03:36:51
2026-04-10 03:36:51.105 [DEBUG] < TEXT '{"type": "heartbeat"}' [21 bytes]
2026-04-10 03:36:51.105 [DEBUG] < TEXT '{"type": "heartbeat"}' [21 bytes]
2026-04-10 03:36:51.106 [DEBUG] [HB◄RX] Heartbeat from server
2026-04-10 03:36:51.155 [DEBUG] > BINARY 00 ff d8 ff e0 00 10 4a 46 49 46 00 01 01 00 00 ... 40 05 14 51 40 1f ff d9 [1885 bytes]
2026-04-10 03:36:51.158 [DEBUG] [FRAME►TX] frame sent  mode=ObjectDetection  size=1885B  t=03:36:51
2026-04-10 03:36:51.160 [DEBUG] [HB◄RX] Heartbeat from server
2026-04-10 03:36:51.214 [DEBUG] > BINARY 00 ff d8 ff e0 00 10 4a 46 49 46 00 01 01 00 00 ... 40 05 14 51 40 1f ff d9 [1887 bytes]
2026-04-10 03:36:51.217 [DEBUG] [FRAME►TX] frame sent  mode=ObjectDetection  size=1887B  t=03:36:51
2026-04-10 03:36:51.218 [DEBUG] < TEXT '{"type": "heartbeat"}' [21 bytes]
2026-04-10 03:36:51.219 [DEBUG] [HB◄RX] Heartbeat from server
2026-04-10 03:36:51.275 [DEBUG] > BINARY 00 ff d8 ff e0 00 10 4a 46 49 46 00 01 01 00 00 ... 8a 00 28 a2 8a 00 ff d9 [1891 bytes]
2026-04-10 03:36:51.277 [DEBUG] [FRAME►TX] frame sent  mode=ObjectDetection  size=1891B  t=03:36:51
2026-04-10 03:36:51.279 [DEBUG] < TEXT '{"type": "heartbeat"}' [21 bytes]
2026-04-10 03:36:51.280 [DEBUG] [HB◄RX] Heartbeat from server
2026-04-10 03:36:51.332 [DEBUG] > BINARY 00 ff d8 ff e0 00 10 4a 46 49 46 00 01 01 00 00 ... 50 01 45 14 50 07 ff d9 [1888 bytes]
2026-04-10 03:36:51.334 [DEBUG] [FRAME►TX] frame sent  mode=ObjectDetection  size=1888B  t=03:36:51
2026-04-10 03:36:51.336 [DEBUG] < TEXT '{"type": "heartbeat"}' [21 bytes]
2026-04-10 03:36:51.337 [DEBUG] [HB◄RX] Heartbeat from server
2026-04-10 03:36:51.400 [DEBUG] > BINARY 00 ff d8 ff e0 00 10 4a 46 49 46 00 01 01 00 00 ... 40 05 14 51 40 1f ff d9 [1897 bytes]
2026-04-10 03:36:51.403 [DEBUG] [FRAME►TX] frame sent  mode=ObjectDetection  size=1897B  t=03:36:51
2026-04-10 03:36:51.404 [DEBUG] < TEXT '{"type": "heartbeat"}' [21 bytes]
2026-04-10 03:36:51.405 [DEBUG] < TEXT '{"type": "heartbeat"}' [21 bytes]
2026-04-10 03:36:51.406 [DEBUG] [HB◄RX] Heartbeat from server
2026-04-10 03:36:51.457 [DEBUG] > BINARY 00 ff d8 ff e0 00 10 4a 46 49 46 00 01 01 00 00 ... 00 28 a4 a5 a0 0f ff d9 [1887 bytes]
2026-04-10 03:36:51.459 [DEBUG] [FRAME►TX] frame sent  mode=ObjectDetection  size=1887B  t=03:36:51
2026-04-10 03:36:51.460 [DEBUG] < TEXT '{"type": "heartbeat"}' [21 bytes]
2026-04-10 03:36:51.461 [DEBUG] [HB◄RX] Heartbeat from server
2026-04-10 03:36:51.515 [DEBUG] > BINARY 00 ff d8 ff e0 00 10 4a 46 49 46 00 01 01 00 00 ... 50 01 45 14 50 07 ff d9 [1885 bytes]
2026-04-10 03:36:51.517 [DEBUG] [FRAME►TX] frame sent  mode=ObjectDetection  size=1885B  t=03:36:51
2026-04-10 03:36:51.519 [DEBUG] [HB◄RX] Heartbeat from server
2026-04-10 03:36:51.579 [DEBUG] > BINARY 00 ff d8 ff e0 00 10 4a 46 49 46 00 01 01 00 00 ... 28 00 a2 8a 28 03 ff d9 [1879 bytes]
2026-04-10 03:36:51.581 [DEBUG] [FRAME►TX] frame sent  mode=ObjectDetection  size=1879B  t=03:36:51
2026-04-10 03:36:51.582 [DEBUG] < TEXT '{"type": "heartbeat"}' [21 bytes]
2026-04-10 03:36:51.583 [DEBUG] [HB◄RX] Heartbeat from server
2026-04-10 03:36:51.635 [DEBUG] > BINARY 00 ff d8 ff e0 00 10 4a 46 49 46 00 01 01 00 00 ... 28 00 a2 8a 28 03 ff d9 [1879 bytes]
2026-04-10 03:36:51.638 [DEBUG] [FRAME►TX] frame sent  mode=ObjectDetection  size=1879B  t=03:36:51
2026-04-10 03:36:51.639 [DEBUG] < TEXT '{"type": "heartbeat"}' [21 bytes]
2026-04-10 03:36:51.641 [DEBUG] [HB◄RX] Heartbeat from server
2026-04-10 03:36:51.698 [DEBUG] > BINARY 00 ff d8 ff e0 00 10 4a 46 49 46 00 01 01 00 00 ... 28 00 a2 8a 28 03 ff d9 [1881 bytes]
2026-04-10 03:36:51.700 [DEBUG] [FRAME►TX] frame sent  mode=ObjectDetection  size=1881B  t=03:36:51
2026-04-10 03:36:51.701 [DEBUG] < TEXT '{"type": "heartbeat"}' [21 bytes]
2026-04-10 03:36:51.703 [DEBUG] [HB◄RX] Heartbeat from server
2026-04-10 03:36:51.764 [DEBUG] > BINARY 00 ff d8 ff e0 00 10 4a 46 49 46 00 01 01 00 00 ... 8a 00 28 a2 8a 00 ff d9 [1878 bytes]
2026-04-10 03:36:51.766 [DEBUG] [FRAME►TX] frame sent  mode=ObjectDetection  size=1878B  t=03:36:51
2026-04-10 03:36:51.768 [DEBUG] < TEXT '{"type": "heartbeat"}' [21 bytes]
2026-04-10 03:36:51.769 [DEBUG] [HB◄RX] Heartbeat from server
2026-04-10 03:36:51.820 [DEBUG] > BINARY 00 ff d8 ff e0 00 10 4a 46 49 46 00 01 01 00 00 ... 00 14 51 45 00 7f ff d9 [1878 bytes]
2026-04-10 03:36:51.822 [DEBUG] [FRAME►TX] frame sent  mode=ObjectDetection  size=1878B  t=03:36:51
2026-04-10 03:36:51.824 [DEBUG] < TEXT '{"type": "heartbeat"}' [21 bytes]
2026-04-10 03:36:51.825 [DEBUG] [HB◄RX] Heartbeat from server
2026-04-10 03:36:51.885 [DEBUG] > BINARY 00 ff d8 ff e0 00 10 4a 46 49 46 00 01 01 00 00 ... 40 05 14 51 40 1f ff d9 [1880 bytes]
2026-04-10 03:36:51.887 [DEBUG] [FRAME►TX] frame sent  mode=ObjectDetection  size=1880B  t=03:36:51
2026-04-10 03:36:51.888 [DEBUG] < TEXT '{"type": "heartbeat"}' [21 bytes]
2026-04-10 03:36:51.889 [DEBUG] [HB◄RX] Heartbeat from server
2026-04-10 03:36:51.943 [DEBUG] > BINARY 00 ff d8 ff e0 00 10 4a 46 49 46 00 01 01 00 00 ... 80 0a 28 a2 80 3f ff d9 [1886 bytes]
2026-04-10 03:36:51.945 [DEBUG] [FRAME►TX] frame sent  mode=ObjectDetection  size=1886B  t=03:36:51
2026-04-10 03:36:51.946 [DEBUG] < TEXT '{"type": "heartbeat"}' [21 bytes]
2026-04-10 03:36:51.947 [DEBUG] [HB◄RX] Heartbeat from server
2026-04-10 03:36:51.998 [DEBUG] > BINARY 00 ff d8 ff e0 00 10 4a 46 49 46 00 01 01 00 00 ... a0 02 8a 28 a0 0f ff d9 [1885 bytes]
2026-04-10 03:36:52.001 [DEBUG] [FRAME►TX] frame sent  mode=ObjectDetection  size=1885B  t=03:36:51
2026-04-10 03:36:52.003 [DEBUG] < TEXT '{"type": "heartbeat"}' [21 bytes]
2026-04-10 03:36:52.004 [DEBUG] [HB◄RX] Heartbeat from server
2026-04-10 03:36:52.056 [DEBUG] > BINARY 00 ff d8 ff e0 00 10 4a 46 49 46 00 01 01 00 00 ... 00 14 51 45 00 7f ff d9 [1887 bytes]
2026-04-10 03:36:52.059 [DEBUG] [FRAME►TX] frame sent  mode=ObjectDetection  size=1887B  t=03:36:52
2026-04-10 03:36:52.061 [DEBUG] < TEXT '{"type": "heartbeat"}' [21 bytes]
2026-04-10 03:36:52.062 [DEBUG] [HB◄RX] Heartbeat from server
2026-04-10 03:36:52.119 [DEBUG] > BINARY 00 ff d8 ff e0 00 10 4a 46 49 46 00 01 01 00 00 ... 28 00 a2 8a 28 03 ff d9 [1889 bytes]
2026-04-10 03:36:52.122 [DEBUG] [FRAME►TX] frame sent  mode=ObjectDetection  size=1889B  t=03:36:52
2026-04-10 03:36:52.123 [DEBUG] < TEXT '{"type": "heartbeat"}' [21 bytes]
2026-04-10 03:36:52.124 [DEBUG] [HB◄RX] Heartbeat from server
2026-04-10 03:36:52.176 [DEBUG] > BINARY 00 ff d8 ff e0 00 10 4a 46 49 46 00 01 01 00 00 ... 80 12 96 8a 28 03 ff d9 [1881 bytes]
2026-04-10 03:36:52.178 [DEBUG] [FRAME►TX] frame sent  mode=ObjectDetection  size=1881B  t=03:36:52
2026-04-10 03:36:52.180 [DEBUG] < TEXT '{"type": "heartbeat"}' [21 bytes]
2026-04-10 03:36:52.181 [DEBUG] [HB◄RX] Heartbeat from server
2026-04-10 03:36:52.236 [DEBUG] > BINARY 00 ff d8 ff e0 00 10 4a 46 49 46 00 01 01 00 00 ... 80 0a 28 a2 80 3f ff d9 [1875 bytes]
2026-04-10 03:36:52.239 [DEBUG] [FRAME►TX] frame sent  mode=ObjectDetection  size=1875B  t=03:36:52
2026-04-10 03:36:52.240 [DEBUG] < TEXT '{"type": "heartbeat"}' [21 bytes]
2026-04-10 03:36:52.242 [DEBUG] [HB◄RX] Heartbeat from server
2026-04-10 03:36:52.303 [DEBUG] > BINARY 00 ff d8 ff e0 00 10 4a 46 49 46 00 01 01 00 00 ... a0 02 8a 28 a0 47 ff d9 [1883 bytes]
2026-04-10 03:36:52.305 [DEBUG] [FRAME►TX] frame sent  mode=ObjectDetection  size=1883B  t=03:36:52
2026-04-10 03:36:52.306 [DEBUG] < TEXT '{"type": "heartbeat"}' [21 bytes]
2026-04-10 03:36:52.307 [DEBUG] [HB◄RX] Heartbeat from server
2026-04-10 03:36:52.359 [DEBUG] > BINARY 00 ff d8 ff e0 00 10 4a 46 49 46 00 01 01 00 00 ... 81 05 14 51 40 1f ff d9 [1878 bytes]
2026-04-10 03:36:52.362 [DEBUG] [FRAME►TX] frame sent  mode=ObjectDetection  size=1878B  t=03:36:52
2026-04-10 03:36:52.364 [DEBUG] < TEXT '{"type": "heartbeat"}' [21 bytes]
2026-04-10 03:36:52.365 [DEBUG] [HB◄RX] Heartbeat from server
2026-04-10 03:36:52.417 [DEBUG] > BINARY 00 ff d8 ff e0 00 10 4a 46 49 46 00 01 01 00 00 ... 28 00 a2 8a 28 03 ff d9 [1879 bytes]
2026-04-10 03:36:52.419 [DEBUG] [FRAME►TX] frame sent  mode=ObjectDetection  size=1879B  t=03:36:52
2026-04-10 03:36:52.420 [DEBUG] < TEXT '{"type": "heartbeat"}' [21 bytes]
2026-04-10 03:36:52.422 [DEBUG] [HB◄RX] Heartbeat from server
2026-04-10 03:36:52.479 [DEBUG] > BINARY 00 ff d8 ff e0 00 10 4a 46 49 46 00 01 01 00 00 ... 40 05 25 2d 14 08 ff d9 [1883 bytes]
2026-04-10 03:36:52.482 [DEBUG] [FRAME►TX] frame sent  mode=ObjectDetection  size=1883B  t=03:36:52
2026-04-10 03:36:52.484 [DEBUG] < TEXT '{"type": "heartbeat"}' [21 bytes]
2026-04-10 03:36:52.485 [DEBUG] [HB◄RX] Heartbeat from server
2026-04-10 03:36:52.543 [DEBUG] > BINARY 00 ff d8 ff e0 00 10 4a 46 49 46 00 01 01 00 00 ... 50 01 45 14 50 07 ff d9 [1886 bytes]
2026-04-10 03:36:52.545 [DEBUG] [FRAME►TX] frame sent  mode=ObjectDetection  size=1886B  t=03:36:52
2026-04-10 03:36:52.546 [DEBUG] < TEXT '{"type": "heartbeat"}' [21 bytes]
2026-04-10 03:36:52.547 [DEBUG] [HB◄RX] Heartbeat from server
2026-04-10 03:36:52.607 [DEBUG] > BINARY 00 ff d8 ff e0 00 10 4a 46 49 46 00 01 01 00 00 ... 68 10 51 45 14 0c ff d9 [1874 bytes]
2026-04-10 03:36:52.609 [DEBUG] [FRAME►TX] frame sent  mode=ObjectDetection  size=1874B  t=03:36:52
2026-04-10 03:36:52.610 [DEBUG] < TEXT '{"type": "heartbeat"}' [21 bytes]
2026-04-10 03:36:52.611 [DEBUG] [HB◄RX] Heartbeat from server
2026-04-10 03:36:52.663 [DEBUG] > BINARY 00 ff d8 ff e0 00 10 4a 46 49 46 00 01 01 00 00 ... 08 28 a2 92 80 3f ff d9 [1876 bytes]
2026-04-10 03:36:52.665 [DEBUG] [FRAME►TX] frame sent  mode=ObjectDetection  size=1876B  t=03:36:52
2026-04-10 03:36:52.667 [DEBUG] < TEXT '{"type": "heartbeat"}' [21 bytes]
2026-04-10 03:36:52.668 [DEBUG] [HB◄RX] Heartbeat from server
2026-04-10 03:36:52.722 [DEBUG] > BINARY 00 ff d8 ff e0 00 10 4a 46 49 46 00 01 01 00 00 ... 41 49 45 2d 00 7f ff d9 [1883 bytes]
2026-04-10 03:36:52.725 [DEBUG] [FRAME►TX] frame sent  mode=ObjectDetection  size=1883B  t=03:36:52
2026-04-10 03:36:52.726 [DEBUG] < TEXT '{"type": "heartbeat"}' [21 bytes]
2026-04-10 03:36:52.728 [DEBUG] [HB◄RX] Heartbeat from server
2026-04-10 03:36:52.781 [DEBUG] > BINARY 00 ff d8 ff e0 00 10 4a 46 49 46 00 01 01 00 00 ... 10 b4 94 52 d0 07 ff d9 [1871 bytes]
2026-04-10 03:36:52.784 [DEBUG] [FRAME►TX] frame sent  mode=ObjectDetection  size=1871B  t=03:36:52
2026-04-10 03:36:52.786 [DEBUG] < TEXT '{"type": "heartbeat"}' [21 bytes]
2026-04-10 03:36:52.787 [DEBUG] [HB◄RX] Heartbeat from server
2026-04-10 03:36:52.843 [DEBUG] > BINARY 00 ff d8 ff e0 00 10 4a 46 49 46 00 01 01 00 00 ... 14 00 51 45 14 01 ff d9 [1882 bytes]
2026-04-10 03:36:52.845 [DEBUG] [FRAME►TX] frame sent  mode=ObjectDetection  size=1882B  t=03:36:52
2026-04-10 03:36:52.847 [DEBUG] < TEXT '{"type": "heartbeat"}' [21 bytes]
2026-04-10 03:36:52.848 [DEBUG] [HB◄RX] Heartbeat from server
2026-04-10 03:36:52.902 [DEBUG] > BINARY 00 ff d8 ff e0 00 10 4a 46 49 46 00 01 01 00 00 ... 40 05 14 51 40 1f ff d9 [1876 bytes]
2026-04-10 03:36:52.905 [DEBUG] [FRAME►TX] frame sent  mode=ObjectDetection  size=1876B  t=03:36:52
2026-04-10 03:36:52.907 [DEBUG] < TEXT '{"type": "heartbeat"}' [21 bytes]
2026-04-10 03:36:52.908 [DEBUG] [HB◄RX] Heartbeat from server
2026-04-10 03:36:52.963 [DEBUG] > BINARY 00 ff d8 ff e0 00 10 4a 46 49 46 00 01 01 00 00 ... 40 05 14 51 40 1f ff d9 [1874 bytes]
2026-04-10 03:36:52.965 [DEBUG] [FRAME►TX] frame sent  mode=ObjectDetection  size=1874B  t=03:36:52
2026-04-10 03:36:52.967 [DEBUG] < TEXT '{"type": "heartbeat"}' [21 bytes]
2026-04-10 03:36:52.968 [DEBUG] [HB◄RX] Heartbeat from server
2026-04-10 03:36:53.025 [DEBUG] > BINARY 00 ff d8 ff e0 00 10 4a 46 49 46 00 01 01 00 00 ... 02 0a 29 68 a0 0f ff d9 [1875 bytes]
2026-04-10 03:36:53.028 [DEBUG] [FRAME►TX] frame sent  mode=ObjectDetection  size=1875B  t=03:36:53
2026-04-10 03:36:53.029 [DEBUG] < TEXT '{"type": "heartbeat"}' [21 bytes]
2026-04-10 03:36:53.030 [DEBUG] [HB◄RX] Heartbeat from server
2026-04-10 03:36:53.088 [DEBUG] > BINARY 00 ff d8 ff e0 00 10 4a 46 49 46 00 01 01 00 00 ... a0 02 8a 28 a0 0f ff d9 [1887 bytes]
2026-04-10 03:36:53.092 [DEBUG] [FRAME►TX] frame sent  mode=ObjectDetection  size=1887B  t=03:36:53
2026-04-10 03:36:53.093 [DEBUG] < TEXT '{"type": "heartbeat"}' [21 bytes]
2026-04-10 03:36:53.094 [DEBUG] [HB◄RX] Heartbeat from server
2026-04-10 03:36:53.142 [DEBUG] > BINARY 00 ff d8 ff e0 00 10 4a 46 49 46 00 01 01 00 00 ... a0 02 8a 28 a0 0f ff d9 [1887 bytes]
2026-04-10 03:36:53.144 [DEBUG] [FRAME►TX] frame sent  mode=ObjectDetection  size=1887B  t=03:36:53
2026-04-10 03:36:53.146 [DEBUG] < TEXT '{"type": "heartbeat"}' [21 bytes]
2026-04-10 03:36:53.147 [DEBUG] [HB◄RX] Heartbeat from server
2026-04-10 03:36:53.207 [DEBUG] > BINARY 00 ff d8 ff e0 00 10 4a 46 49 46 00 01 01 00 00 ... 00 51 45 2d 02 3f ff d9 [2112 bytes]
2026-04-10 03:36:53.209 [DEBUG] [FRAME►TX] frame sent  mode=ObjectDetection  size=2112B  t=03:36:53
2026-04-10 03:36:53.211 [DEBUG] < TEXT '{"type": "heartbeat"}' [21 bytes]
2026-04-10 03:36:53.212 [DEBUG] [HB◄RX] Heartbeat from server
2026-04-10 03:36:53.261 [DEBUG] > BINARY 00 ff d8 ff e0 00 10 4a 46 49 46 00 01 01 00 00 ... 00 4a 29 68 a0 0f ff d9 [3000 bytes]
2026-04-10 03:36:53.265 [DEBUG] [FRAME►TX] frame sent  mode=ObjectDetection  size=3000B  t=03:36:53
2026-04-10 03:36:53.267 [DEBUG] < TEXT '{"type": "heartbeat"}' [21 bytes]
2026-04-10 03:36:53.269 [DEBUG] [HB◄RX] Heartbeat from server
2026-04-10 03:36:53.326 [DEBUG] > BINARY 00 ff d8 ff e0 00 10 4a 46 49 46 00 01 01 00 00 ... 62 52 52 9a 4a 00 ff d9 [4297 bytes]
2026-04-10 03:36:53.329 [DEBUG] [FRAME►TX] frame sent  mode=ObjectDetection  size=4297B  t=03:36:53
2026-04-10 03:36:53.331 [DEBUG] < TEXT '{"type": "heartbeat"}' [21 bytes]
2026-04-10 03:36:53.332 [DEBUG] [HB◄RX] Heartbeat from server
2026-04-10 03:36:53.390 [DEBUG] > BINARY 00 ff d8 ff e0 00 10 4a 46 49 46 00 01 01 00 00 ... 93 14 fc 53 68 03 ff d9 [4732 bytes]
2026-04-10 03:36:53.393 [DEBUG] [FRAME►TX] frame sent  mode=ObjectDetection  size=4732B  t=03:36:53
2026-04-10 03:36:53.394 [DEBUG] < TEXT '{"type": "heartbeat"}' [21 bytes]
2026-04-10 03:36:53.395 [DEBUG] [HB◄RX] Heartbeat from server
2026-04-10 03:36:53.439 [DEBUG] > BINARY 00 ff d8 ff e0 00 10 4a 46 49 46 00 01 01 00 00 ... a4 a5 a4 c5 20 3f ff d9 [5253 bytes]
2026-04-10 03:36:53.443 [DEBUG] [FRAME►TX] frame sent  mode=ObjectDetection  size=5253B  t=03:36:53
2026-04-10 03:36:53.444 [DEBUG] [HB◄RX] Heartbeat from server
2026-04-10 03:36:53.507 [DEBUG] > BINARY 00 ff d8 ff e0 00 10 4a 46 49 46 00 01 01 00 00 ... 29 0d 2e 69 28 03 ff d9 [5053 bytes]
2026-04-10 03:36:53.512 [DEBUG] [FRAME►TX] frame sent  mode=ObjectDetection  size=5053B  t=03:36:53
2026-04-10 03:36:53.569 [DEBUG] > BINARY 00 ff d8 ff e0 00 10 4a 46 49 46 00 01 01 00 00 ... 14 25 14 51 9a 00 ff d9 [5540 bytes]
2026-04-10 03:36:53.572 [DEBUG] [FRAME►TX] frame sent  mode=ObjectDetection  size=5540B  t=03:36:53
2026-04-10 03:36:53.634 [DEBUG] > BINARY 00 ff d8 ff e0 00 10 4a 46 49 46 00 01 01 00 00 ... 33 41 34 94 8a 3f ff d9 [5461 bytes]
2026-04-10 03:36:53.637 [DEBUG] [FRAME►TX] frame sent  mode=ObjectDetection  size=5461B  t=03:36:53
2026-04-10 03:36:53.688 [DEBUG] > BINARY 00 ff d8 ff e0 00 10 4a 46 49 46 00 01 01 00 00 ... 20 14 b4 99 49 1f ff d9 [5464 bytes]
2026-04-10 03:36:53.692 [DEBUG] [FRAME►TX] frame sent  mode=ObjectDetection  size=5464B  t=03:36:53
2026-04-10 03:36:53.751 [DEBUG] > BINARY 00 ff d8 ff e0 00 10 4a 46 49 46 00 01 01 00 00 ... 14 83 8a 75 49 68 ff d9 [5224 bytes]
2026-04-10 03:36:53.754 [DEBUG] [FRAME►TX] frame sent  mode=ObjectDetection  size=5224B  t=03:36:53
2026-04-10 03:36:53.803 [DEBUG] > BINARY 00 ff d8 ff e0 00 10 4a 46 49 46 00 01 01 00 00 ... 48 38 a0 d4 9a 23 ff d9 [5962 bytes]
2026-04-10 03:36:53.807 [DEBUG] [FRAME►TX] frame sent  mode=ObjectDetection  size=5962B  t=03:36:53
2026-04-10 03:36:53.865 [DEBUG] > BINARY 00 ff d8 ff e0 00 10 4a 46 49 46 00 01 01 00 00 ... a0 2d 38 50 ca 48 ff d9 [5172 bytes]
2026-04-10 03:36:53.870 [DEBUG] [FRAME►TX] frame sent  mode=ObjectDetection  size=5172B  t=03:36:53
2026-04-10 03:36:53.927 [DEBUG] > BINARY 00 ff d8 ff e0 00 10 4a 46 49 46 00 01 01 00 00 ... 12 a4 03 14 30 48 ff d9 [5798 bytes]
2026-04-10 03:36:53.931 [DEBUG] [FRAME►TX] frame sent  mode=ObjectDetection  size=5798B  t=03:36:53
2026-04-10 03:36:53.987 [DEBUG] > BINARY 00 ff d8 ff e0 00 10 4a 46 49 46 00 01 01 00 00 ... 4e 6a 55 14 d8 23 ff d9 [5736 bytes]
2026-04-10 03:36:53.992 [DEBUG] [FRAME►TX] frame sent  mode=ObjectDetection  size=5736B  t=03:36:53
2026-04-10 03:36:54.050 [DEBUG] > BINARY 00 ff d8 ff e0 00 10 4a 46 49 46 00 01 01 00 00 ... 0a b4 fe d4 0d 1f ff d9 [5831 bytes]
2026-04-10 03:36:54.054 [DEBUG] [FRAME►TX] frame sent  mode=ObjectDetection  size=5831B  t=03:36:54
2026-04-10 03:36:54.112 [DEBUG] > BINARY 00 ff d8 ff e0 00 10 4a 46 49 46 00 01 01 00 00 ... 00 62 83 48 a4 7f ff d9 [5885 bytes]
2026-04-10 03:36:54.117 [DEBUG] [FRAME►TX] frame sent  mode=ObjectDetection  size=5885B  t=03:36:54
2026-04-10 03:36:54.168 [DEBUG] > BINARY 00 ff d8 ff e0 00 10 4a 46 49 46 00 01 01 00 00 ... d0 38 a0 d2 2d 1f ff d9 [6031 bytes]
2026-04-10 03:36:54.172 [DEBUG] [FRAME►TX] frame sent  mode=ObjectDetection  size=6031B  t=03:36:54
2026-04-10 03:36:54.225 [DEBUG] > BINARY 00 ff d8 ff e0 00 10 4a 46 49 46 00 01 01 00 00 ... d2 f6 a6 9a 45 23 ff d9 [5926 bytes]
2026-04-10 03:36:54.229 [DEBUG] [FRAME►TX] frame sent  mode=ObjectDetection  size=5926B  t=03:36:54
2026-04-10 03:36:54.287 [DEBUG] > BINARY 00 ff d8 ff e0 00 10 4a 46 49 46 00 01 01 00 00 ... a4 a5 34 da 45 1f ff d9 [6001 bytes]
2026-04-10 03:36:54.292 [DEBUG] [FRAME►TX] frame sent  mode=ObjectDetection  size=6001B  t=03:36:54
2026-04-10 03:36:54.351 [DEBUG] > BINARY 00 ff d8 ff e0 00 10 4a 46 49 46 00 01 01 00 00 ... 69 29 49 a6 d2 28 ff d9 [5965 bytes]
2026-04-10 03:36:54.355 [DEBUG] [FRAME►TX] frame sent  mode=ObjectDetection  size=5965B  t=03:36:54
2026-04-10 03:36:54.411 [DEBUG] > BINARY 00 ff d8 ff e0 00 10 4a 46 49 46 00 01 01 00 00 ... d2 50 69 29 14 7f ff d9 [6009 bytes]
2026-04-10 03:36:54.415 [DEBUG] [FRAME►TX] frame sent  mode=ObjectDetection  size=6009B  t=03:36:54
2026-04-10 03:36:54.475 [DEBUG] > BINARY 00 ff d8 ff e0 00 10 4a 46 49 46 00 01 01 00 00 ... 1a 4a 0d 25 05 1f ff d9 [6018 bytes]
2026-04-10 03:36:54.479 [DEBUG] [FRAME►TX] frame sent  mode=ObjectDetection  size=6018B  t=03:36:54
2026-04-10 03:36:54.532 [DEBUG] > BINARY 00 ff d8 ff e0 00 10 4a 46 49 46 00 01 01 00 00 ... 00 29 28 a2 81 9f ff d9 [5647 bytes]
2026-04-10 03:36:54.536 [DEBUG] [FRAME►TX] frame sent  mode=ObjectDetection  size=5647B  t=03:36:54
2026-04-10 03:36:54.590 [DEBUG] > BINARY 00 ff d8 ff e0 00 10 4a 46 49 46 00 01 01 00 00 ... 14 86 96 83 40 1f ff d9 [5725 bytes]
2026-04-10 03:36:54.595 [DEBUG] [FRAME►TX] frame sent  mode=ObjectDetection  size=5725B  t=03:36:54
2026-04-10 03:36:54.654 [DEBUG] > BINARY 00 ff d8 ff e0 00 10 4a 46 49 46 00 01 01 00 00 ... 90 d3 8d 34 d0 33 ff d9 [5983 bytes]
2026-04-10 03:36:54.658 [DEBUG] [FRAME►TX] frame sent  mode=ObjectDetection  size=5983B  t=03:36:54
2026-04-10 03:36:54.711 [DEBUG] > BINARY 00 ff d8 ff e0 00 10 4a 46 49 46 00 01 01 00 00 ... 69 b4 f3 4d 34 01 ff d9 [5702 bytes]
2026-04-10 03:36:54.717 [DEBUG] [FRAME►TX] frame sent  mode=ObjectDetection  size=5702B  t=03:36:54
2026-04-10 03:36:54.768 [DEBUG] > BINARY 00 ff d8 ff e0 00 10 4a 46 49 46 00 01 01 00 00 ... 69 a6 9c 69 29 01 ff d9 [5767 bytes]
2026-04-10 03:36:54.771 [DEBUG] [FRAME►TX] frame sent  mode=ObjectDetection  size=5767B  t=03:36:54
2026-04-10 03:36:54.831 [DEBUG] > BINARY 00 ff d8 ff e0 00 10 4a 46 49 46 00 01 01 00 00 ... d2 53 8d 36 81 9f ff d9 [5815 bytes]
2026-04-10 03:36:54.835 [DEBUG] [FRAME►TX] frame sent  mode=ObjectDetection  size=5815B  t=03:36:54
2026-04-10 03:36:54.889 [DEBUG] > BINARY 00 ff d8 ff e0 00 10 4a 46 49 46 00 01 01 00 00 ... 4c 53 8d 25 03 3f ff d9 [5761 bytes]
2026-04-10 03:36:54.894 [DEBUG] [FRAME►TX] frame sent  mode=ObjectDetection  size=5761B  t=03:36:54
2026-04-10 03:36:54.949 [DEBUG] > BINARY 00 ff d8 ff e0 00 10 4a 46 49 46 00 01 01 00 00 ... 4d 34 f3 4d a0 67 ff d9 [5847 bytes]
2026-04-10 03:36:54.953 [DEBUG] [FRAME►TX] frame sent  mode=ObjectDetection  size=5847B  t=03:36:54
2026-04-10 03:36:55.013 [DEBUG] > BINARY 00 ff d8 ff e0 00 10 4a 46 49 46 00 01 01 00 00 ... a6 9a 71 a4 34 0c ff d9 [5878 bytes]
2026-04-10 03:36:55.017 [DEBUG] [FRAME►TX] frame sent  mode=ObjectDetection  size=5878B  t=03:36:55
2026-04-10 03:36:55.072 [DEBUG] > BINARY 00 ff d8 ff e0 00 10 4a 46 49 46 00 01 01 00 00 ... d3 4d 38 d2 52 19 ff d9 [5753 bytes]
2026-04-10 03:36:55.077 [DEBUG] [FRAME►TX] frame sent  mode=ObjectDetection  size=5753B  t=03:36:55
2026-04-10 03:36:55.134 [DEBUG] > BINARY 00 ff d8 ff e0 00 10 4a 46 49 46 00 01 01 00 00 ... 9a 6d 38 d2 52 19 ff d9 [5812 bytes]
2026-04-10 03:36:55.138 [DEBUG] [FRAME►TX] frame sent  mode=ObjectDetection  size=5812B  t=03:36:55
2026-04-10 03:36:55.191 [DEBUG] > BINARY 00 ff d8 ff e0 00 10 4a 46 49 46 00 01 01 00 00 ... a4 34 e3 49 40 cf ff d9 [5730 bytes]
2026-04-10 03:36:55.197 [DEBUG] [FRAME►TX] frame sent  mode=ObjectDetection  size=5730B  t=03:36:55
2026-04-10 03:36:55.249 [DEBUG] > BINARY 00 ff d8 ff e0 00 10 4a 46 49 46 00 01 01 00 00 ... d2 29 e6 90 d0 33 ff d9 [5749 bytes]
2026-04-10 03:36:55.253 [DEBUG] [FRAME►TX] frame sent  mode=ObjectDetection  size=5749B  t=03:36:55
2026-04-10 03:36:55.307 [DEBUG] > BINARY 00 ff d8 ff e0 00 10 4a 46 49 46 00 01 01 00 00 ... 34 8a 71 a4 a0 67 ff d9 [5786 bytes]
2026-04-10 03:36:55.310 [DEBUG] [FRAME►TX] frame sent  mode=ObjectDetection  size=5786B  t=03:36:55
2026-04-10 03:36:55.371 [DEBUG] > BINARY 00 ff d8 ff e0 00 10 4a 46 49 46 00 01 01 00 00 ... 42 29 d4 84 50 07 ff d9 [5800 bytes]
2026-04-10 03:36:55.374 [DEBUG] [FRAME►TX] frame sent  mode=ObjectDetection  size=5800B  t=03:36:55
2026-04-10 03:36:55.430 [DEBUG] > BINARY 00 ff d8 ff e0 00 10 4a 46 49 46 00 01 01 00 00 ... a4 53 cd 26 28 19 ff d9 [5764 bytes]
2026-04-10 03:36:55.433 [DEBUG] [FRAME►TX] frame sent  mode=ObjectDetection  size=5764B  t=03:36:55
2026-04-10 03:36:55.489 [DEBUG] > BINARY 00 ff d8 ff e0 00 10 4a 46 49 46 00 01 01 00 00 ... 29 e4 52 62 81 9f ff d9 [5848 bytes]
2026-04-10 03:36:55.493 [DEBUG] [FRAME►TX] frame sent  mode=ObjectDetection  size=5848B  t=03:36:55
2026-04-10 03:36:55.552 [DEBUG] > BINARY 00 ff d8 ff e0 00 10 4a 46 49 46 00 01 01 00 00 ... 91 4f 34 84 50 07 ff d9 [5840 bytes]
2026-04-10 03:36:55.557 [DEBUG] [FRAME►TX] frame sent  mode=ObjectDetection  size=5840B  t=03:36:55
2026-04-10 03:36:55.612 [DEBUG] > BINARY 00 ff d8 ff e0 00 10 4a 46 49 46 00 01 01 00 00 ... 34 8a 79 a4 34 0c ff d9 [5844 bytes]
2026-04-10 03:36:55.619 [DEBUG] [FRAME►TX] frame sent  mode=ObjectDetection  size=5844B  t=03:36:55
2026-04-10 03:36:55.672 [DEBUG] > BINARY 00 ff d8 ff e0 00 10 4a 46 49 46 00 01 01 00 00 ... 4f 22 90 8a 06 7f ff d9 [5836 bytes]
2026-04-10 03:36:55.676 [DEBUG] [FRAME►TX] frame sent  mode=ObjectDetection  size=5836B  t=03:36:55
2026-04-10 03:36:55.732 [DEBUG] > BINARY 00 ff d8 ff e0 00 10 4a 46 49 46 00 01 01 00 00 ... 4d 3c 8a 4c 52 19 ff d9 [5925 bytes]
2026-04-10 03:36:55.736 [DEBUG] [FRAME►TX] frame sent  mode=ObjectDetection  size=5925B  t=03:36:55
2026-04-10 03:36:55.790 [DEBUG] > BINARY 00 ff d8 ff e0 00 10 4a 46 49 46 00 01 01 00 00 ... a4 66 a4 34 da 00 ff d9 [5858 bytes]
2026-04-10 03:36:55.793 [DEBUG] [FRAME►TX] frame sent  mode=ObjectDetection  size=5858B  t=03:36:55
2026-04-10 03:36:55.850 [DEBUG] > BINARY 00 ff d8 ff e0 00 10 4a 46 49 46 00 01 01 00 00 ... 48 a9 29 08 a0 0f ff d9 [5843 bytes]
2026-04-10 03:36:55.853 [DEBUG] [FRAME►TX] frame sent  mode=ObjectDetection  size=5843B  t=03:36:55
2026-04-10 03:36:55.912 [DEBUG] > BINARY 00 ff d8 ff e0 00 10 4a 46 49 46 00 01 01 00 00 ... 15 21 14 d2 28 03 ff d9 [5724 bytes]
2026-04-10 03:36:55.916 [DEBUG] [FRAME►TX] frame sent  mode=ObjectDetection  size=5724B  t=03:36:55
2026-04-10 03:36:55.972 [DEBUG] > BINARY 00 ff d8 ff e0 00 10 4a 46 49 46 00 01 01 00 00 ... 15 21 14 84 50 07 ff d9 [5809 bytes]
2026-04-10 03:36:55.977 [DEBUG] [FRAME►TX] frame sent  mode=ObjectDetection  size=5809B  t=03:36:55
2026-04-10 03:36:56.032 [DEBUG] > BINARY 00 ff d8 ff e0 00 10 4a 46 49 46 00 01 01 00 00 ... 15 29 14 d2 28 03 ff d9 [5826 bytes]
2026-04-10 03:36:56.039 [DEBUG] [FRAME►TX] frame sent  mode=ObjectDetection  size=5826B  t=03:36:56
2026-04-10 03:36:56.092 [DEBUG] > BINARY 00 ff d8 ff e0 00 10 4a 46 49 46 00 01 01 00 00 ... 2a 53 4d 22 80 3f ff d9 [5693 bytes]
2026-04-10 03:36:56.097 [DEBUG] [FRAME►TX] frame sent  mode=ObjectDetection  size=5693B  t=03:36:56
2026-04-10 03:36:56.152 [DEBUG] > BINARY 00 ff d8 ff e0 00 10 4a 46 49 46 00 01 01 00 00 ... 45 4a 45 34 8a 00 ff d9 [5645 bytes]
2026-04-10 03:36:56.156 [DEBUG] [FRAME►TX] frame sent  mode=ObjectDetection  size=5645B  t=03:36:56
2026-04-10 03:36:56.212 [DEBUG] > BINARY 00 ff d8 ff e0 00 10 4a 46 49 46 00 01 01 00 00 ... 8a 94 8a 69 14 01 ff d9 [5567 bytes]
2026-04-10 03:36:56.216 [DEBUG] [FRAME►TX] frame sent  mode=ObjectDetection  size=5567B  t=03:36:56
2026-04-10 03:36:56.274 [DEBUG] > BINARY 00 ff d8 ff e0 00 10 4a 46 49 46 00 01 01 00 00 ... 2a 62 29 84 50 07 ff d9 [5539 bytes]
2026-04-10 03:36:56.277 [DEBUG] [FRAME►TX] frame sent  mode=ObjectDetection  size=5539B  t=03:36:56
2026-04-10 03:36:56.336 [DEBUG] > BINARY 00 ff d8 ff e0 00 10 4a 46 49 46 00 01 01 00 00 ... a5 22 9a 45 00 7f ff d9 [5555 bytes]
2026-04-10 03:36:56.341 [DEBUG] [FRAME►TX] frame sent  mode=ObjectDetection  size=5555B  t=03:36:56
2026-04-10 03:36:56.396 [DEBUG] > BINARY 00 ff d8 ff e0 00 10 4a 46 49 46 00 01 01 00 00 ... 15 29 14 d2 28 03 ff d9 [5641 bytes]
2026-04-10 03:36:56.398 [DEBUG] [FRAME►TX] frame sent  mode=ObjectDetection  size=5641B  t=03:36:56
2026-04-10 03:36:56.456 [DEBUG] > BINARY 00 ff d8 ff e0 00 10 4a 46 49 46 00 01 01 00 00 ... a9 88 a6 91 4c 67 ff d9 [5712 bytes]
2026-04-10 03:36:59.252 [DEBUG] < TEXT '{"type": "text", "content": "A"}' [32 bytes]
2026-04-10 03:36:59.495 [DEBUG] < TEXT '{"type": "text", "content": " person"}' [38 bytes]
2026-04-10 03:36:59.496 [DEBUG] < TEXT '{"type": "text", "content": " stands"}' [38 bytes]
2026-04-10 03:36:59.497 [DEBUG] < TEXT '{"type": "text", "content": " on"}' [34 bytes]
2026-04-10 03:36:59.498 [DEBUG] < TEXT '{"type": "text", "content": " your"}' [36 bytes]
2026-04-10 03:36:59.498 [DEBUG] < TEXT '{"type": "text", "content": " left"}' [36 bytes]
2026-04-10 03:36:59.499 [DEBUG] < TEXT '{"type": "text", "content": ","}' [32 bytes]
2026-04-10 03:36:59.500 [DEBUG] < TEXT '{"type": "text", "content": " holding"}' [39 bytes]
2026-04-10 03:36:59.500 [DEBUG] < TEXT '{"type": "text", "content": " a"}' [33 bytes]
2026-04-10 03:36:59.501 [DEBUG] < TEXT '{"type": "text", "content": " blue"}' [36 bytes]
2026-04-10 03:36:59.501 [DEBUG] < TEXT '{"type": "text", "content": " pen"}' [35 bytes]
2026-04-10 03:36:59.502 [DEBUG] < TEXT '{"type": "text", "content": " in"}' [34 bytes]
2026-04-10 03:36:59.502 [DEBUG] < TEXT '{"type": "text", "content": " their"}' [37 bytes]
2026-04-10 03:36:59.503 [DEBUG] < TEXT '{"type": "text", "content": " hand"}' [36 bytes]
2026-04-10 03:36:59.504 [DEBUG] < TEXT '{"type": "text", "content": "."}' [32 bytes]
2026-04-10 03:36:59.504 [DEBUG] < TEXT '{"type": "status", "content": "done"}' [37 bytes]
2026-04-10 03:36:59.505 [DEBUG] [FRAME►TX] frame sent  mode=ObjectDetection  size=5712B  t=03:36:59
2026-04-10 03:36:59.507 [DEBUG] [LLM◄RX] text chunk len=1 'A'
2026-04-10 03:36:59.513 [DEBUG] > BINARY 00 ff d8 ff e0 00 10 4a 46 49 46 00 01 01 00 00 ... a5 22 9a 45 00 7f ff d9 [5739 bytes]
2026-04-10 03:36:59.518 [DEBUG] [FRAME►TX] frame sent  mode=ObjectDetection  size=5739B  t=03:36:59
2026-04-10 03:36:59.519 [DEBUG] [LLM◄RX] text chunk len=7 ' person'
2026-04-10 03:36:59.526 [DEBUG] > BINARY 00 ff d8 ff e0 00 10 4a 46 49 46 00 01 01 00 00 ... a9 88 a6 11 40 1f ff d9 [5763 bytes]
2026-04-10 03:36:59.529 [DEBUG] [FRAME►TX] frame sent  mode=ObjectDetection  size=5763B  t=03:36:59
2026-04-10 03:36:59.531 [DEBUG] [LLM◄RX] text chunk len=7 ' stands'
2026-04-10 03:36:59.536 [DEBUG] > BINARY 00 ff d8 ff e0 00 10 4a 46 49 46 00 01 01 00 00 ... 2a 52 29 a4 50 07 ff d9 [5833 bytes]
2026-04-10 03:36:59.539 [DEBUG] [FRAME►TX] frame sent  mode=ObjectDetection  size=5833B  t=03:36:59
2026-04-10 03:36:59.541 [DEBUG] [LLM◄RX] text chunk len=3 ' on'
2026-04-10 03:36:59.546 [DEBUG] > BINARY 00 ff d8 ff e0 00 10 4a 46 49 46 00 01 01 00 00 ... 94 8e 69 a4 50 07 ff d9 [5813 bytes]
2026-04-10 03:36:59.550 [DEBUG] [FRAME►TX] frame sent  mode=ObjectDetection  size=5813B  t=03:36:59
2026-04-10 03:36:59.551 [DEBUG] [LLM◄RX] text chunk len=5 ' your'
2026-04-10 03:36:59.590 [DEBUG] > BINARY 00 ff d8 ff e0 00 10 4a 46 49 46 00 01 01 00 00 ... a8 c1 a5 06 98 8f ff d9 [5724 bytes]
2026-04-10 03:36:59.595 [DEBUG] [FRAME►TX] frame sent  mode=ObjectDetection  size=5724B  t=03:36:59
2026-04-10 03:36:59.596 [DEBUG] [LLM◄RX] text chunk len=5 ' left'
2026-04-10 03:36:59.657 [DEBUG] > BINARY 00 ff d8 ff e0 00 10 4a 46 49 46 00 01 01 00 00 ... 6a 20 69 c0 d0 07 ff d9 [5663 bytes]
2026-04-10 03:36:59.660 [DEBUG] [FRAME►TX] frame sent  mode=ObjectDetection  size=5663B  t=03:36:59
2026-04-10 03:36:59.661 [DEBUG] [LLM◄RX] text chunk len=1 ','
2026-04-10 03:36:59.709 [DEBUG] > BINARY 00 ff d8 ff e0 00 10 4a 46 49 46 00 01 01 00 00 ... 73 51 83 4b 9a 00 ff d9 [5710 bytes]
2026-04-10 03:36:59.714 [DEBUG] [FRAME►TX] frame sent  mode=ObjectDetection  size=5710B  t=03:36:59
2026-04-10 03:36:59.716 [DEBUG] [LLM◄RX] text chunk len=8 ' holding'
2026-04-10 03:36:59.771 [DEBUG] > BINARY 00 ff d8 ff e0 00 10 4a 46 49 46 00 01 01 00 00 ... d4 40 d3 81 a4 07 ff d9 [5689 bytes]
2026-04-10 03:36:59.775 [DEBUG] [FRAME►TX] frame sent  mode=ObjectDetection  size=5689B  t=03:36:59
2026-04-10 03:36:59.777 [DEBUG] [LLM◄RX] text chunk len=2 ' a'
2026-04-10 03:36:59.831 [DEBUG] > BINARY 00 ff d8 ff e0 00 10 4a 46 49 46 00 01 01 00 00 ... a8 c1 a5 cd 00 7f ff d9 [5672 bytes]
2026-04-10 03:36:59.836 [DEBUG] [FRAME►TX] frame sent  mode=ObjectDetection  size=5672B  t=03:36:59
2026-04-10 03:36:59.837 [DEBUG] [LLM◄RX] text chunk len=5 ' blue'
2026-04-10 03:36:59.892 [DEBUG] > BINARY 00 ff d8 ff e0 00 10 4a 46 49 46 00 01 01 00 00 ... 45 37 34 66 80 3f ff d9 [5550 bytes]
2026-04-10 03:36:59.896 [DEBUG] [FRAME►TX] frame sent  mode=ObjectDetection  size=5550B  t=03:36:59
2026-04-10 03:36:59.898 [DEBUG] [LLM◄RX] text chunk len=4 ' pen'
2026-04-10 03:36:59.958 [DEBUG] > BINARY 00 ff d8 ff e0 00 10 4a 46 49 46 00 01 01 00 00 ... 20 0a 4a 28 34 0c ff d9 [5494 bytes]
2026-04-10 03:36:59.962 [DEBUG] [FRAME►TX] frame sent  mode=ObjectDetection  size=5494B  t=03:36:59
2026-04-10 03:36:59.964 [DEBUG] [LLM◄RX] text chunk len=3 ' in'
2026-04-10 03:37:00.013 [DEBUG] > BINARY 00 ff d8 ff e0 00 10 4a 46 49 46 00 01 01 00 00 ... 21 eb 45 21 a0 0f ff d9 [5412 bytes]
2026-04-10 03:37:00.017 [DEBUG] [FRAME►TX] frame sent  mode=ObjectDetection  size=5412B  t=03:37:00
2026-04-10 03:37:00.019 [DEBUG] [LLM◄RX] text chunk len=6 ' their'
2026-04-10 03:37:00.075 [DEBUG] > BINARY 00 ff d8 ff e0 00 10 4a 46 49 46 00 01 01 00 00 ... a4 34 66 90 9a 00 ff d9 [5436 bytes]
2026-04-10 03:37:00.078 [DEBUG] [FRAME►TX] frame sent  mode=ObjectDetection  size=5436B  t=03:37:00
2026-04-10 03:37:00.080 [DEBUG] [LLM◄RX] text chunk len=5 ' hand'
2026-04-10 03:37:00.140 [DEBUG] > BINARY 00 ff d8 ff e0 00 10 4a 46 49 46 00 01 01 00 00 ... 16 92 8a 43 40 1f ff d9 [5459 bytes]
2026-04-10 03:37:00.144 [DEBUG] [FRAME►TX] frame sent  mode=ObjectDetection  size=5459B  t=03:37:00
2026-04-10 03:37:00.146 [DEBUG] [LLM◄RX] text chunk len=1 '.'
2026-04-10 03:37:00.196 [DEBUG] > BINARY 00 ff d8 ff e0 00 10 4a 46 49 46 00 01 01 00 00 ... 49 41 34 86 80 3f ff d9 [5463 bytes]
2026-04-10 03:37:00.199 [DEBUG] [FRAME►TX] frame sent  mode=ObjectDetection  size=5463B  t=03:37:00
2026-04-10 03:37:00.201 [INFO] [LLM◄DONE] Full response received  chars=63  words=13  text='A person stands on your left, holding a blue pen in their hand.'
2026-04-10 03:37:00.202 [INFO] [TTS►QUEUE] Queuing full response for TTS (13 words)
2026-04-10 03:37:00.202 [DEBUG] [SYNC] Queuing SIGNAL_READY and joining queue...
2026-04-10 03:37:00.203 [INFO] [TTS►PIPER] Sending text (13 words, 63 chars): 'A person stands on your left, holding a blue pen in their hand.'
2026-04-10 03:37:00.204 [DEBUG] [TTS►PIPER] Text written to Piper stdin
2026-04-10 03:37:00.204 [DEBUG] [TTS►SYNC] SIGNAL_READY received — waiting for Piper to START producing audio...
2026-04-10 03:37:01.161 [DEBUG] [TTS►PIPE] First audio chunk received — aplay stream started
2026-04-10 03:37:01.162 [DEBUG] [TTS►PIPE] chunk#1 +4096B  total=4096B  ~0.09s audio queued to aplay
2026-04-10 03:37:01.163 [DEBUG] [TTS►PIPE] chunk#2 +4096B  total=8192B  ~0.19s audio queued to aplay
2026-04-10 03:37:01.163 [DEBUG] [TTS►PIPE] chunk#3 +4096B  total=12288B  ~0.28s audio queued to aplay
2026-04-10 03:37:01.164 [DEBUG] [TTS►PIPE] chunk#4 +4096B  total=16384B  ~0.37s audio queued to aplay
2026-04-10 03:37:01.165 [DEBUG] [TTS►PIPE] chunk#5 +4096B  total=20480B  ~0.46s audio queued to aplay
2026-04-10 03:37:01.165 [DEBUG] [TTS►PIPE] chunk#6 +4096B  total=24576B  ~0.56s audio queued to aplay
2026-04-10 03:37:01.166 [DEBUG] [TTS►PIPE] chunk#7 +4096B  total=28672B  ~0.65s audio queued to aplay
2026-04-10 03:37:01.166 [DEBUG] [TTS►PIPE] chunk#8 +4096B  total=32768B  ~0.74s audio queued to aplay
2026-04-10 03:37:01.167 [DEBUG] [TTS►PIPE] chunk#9 +4096B  total=36864B  ~0.84s audio queued to aplay
2026-04-10 03:37:01.168 [DEBUG] [TTS►PIPE] chunk#10 +4096B  total=40960B  ~0.93s audio queued to aplay
2026-04-10 03:37:01.168 [DEBUG] [TTS►PIPE] chunk#11 +4096B  total=45056B  ~1.02s audio queued to aplay
2026-04-10 03:37:01.169 [DEBUG] [TTS►PIPE] chunk#12 +4096B  total=49152B  ~1.11s audio queued to aplay
2026-04-10 03:37:01.170 [DEBUG] [TTS►PIPE] chunk#13 +4096B  total=53248B  ~1.21s audio queued to aplay
2026-04-10 03:37:01.170 [DEBUG] [TTS►PIPE] chunk#14 +4096B  total=57344B  ~1.30s audio queued to aplay
2026-04-10 03:37:01.171 [DEBUG] [TTS►PIPE] chunk#15 +4096B  total=61440B  ~1.39s audio queued to aplay
2026-04-10 03:37:01.171 [DEBUG] [TTS►PIPE] chunk#16 +4096B  total=65536B  ~1.49s audio queued to aplay
2026-04-10 03:37:01.172 [DEBUG] [TTS►PIPE] chunk#17 +4096B  total=69632B  ~1.58s audio queued to aplay
2026-04-10 03:37:01.173 [DEBUG] [TTS►PIPE] chunk#18 +4096B  total=73728B  ~1.67s audio queued to aplay
2026-04-10 03:37:01.174 [DEBUG] [TTS►PIPE] chunk#19 +4096B  total=77824B  ~1.76s audio queued to aplay
2026-04-10 03:37:01.175 [DEBUG] [TTS►PIPE] chunk#20 +4096B  total=81920B  ~1.86s audio queued to aplay
2026-04-10 03:37:01.175 [DEBUG] [TTS►PIPE] chunk#21 +4096B  total=86016B  ~1.95s audio queued to aplay
2026-04-10 03:37:01.176 [DEBUG] [TTS►PIPE] chunk#22 +4096B  total=90112B  ~2.04s audio queued to aplay
2026-04-10 03:37:01.185 [DEBUG] [TTS►PIPE] chunk#23 +4096B  total=94208B  ~2.14s audio queued to aplay
2026-04-10 03:37:01.185 [DEBUG] [TTS►PIPE] chunk#24 +4096B  total=98304B  ~2.23s audio queued to aplay
2026-04-10 03:37:01.185 [DEBUG] [TTS►PIPE] chunk#25 +4096B  total=102400B  ~2.32s audio queued to aplay
2026-04-10 03:37:01.186 [DEBUG] [TTS►PIPE] chunk#26 +4096B  total=106496B  ~2.41s audio queued to aplay
2026-04-10 03:37:01.186 [DEBUG] [TTS►PIPE] chunk#27 +4096B  total=110592B  ~2.51s audio queued to aplay
2026-04-10 03:37:01.186 [DEBUG] [TTS►PIPE] chunk#28 +4096B  total=114688B  ~2.60s audio queued to aplay
2026-04-10 03:37:01.186 [DEBUG] [TTS►PIPE] chunk#29 +4096B  total=118784B  ~2.69s audio queued to aplay
2026-04-10 03:37:01.186 [DEBUG] [TTS►PIPE] chunk#30 +4096B  total=122880B  ~2.79s audio queued to aplay
2026-04-10 03:37:01.187 [DEBUG] [TTS►PIPE] chunk#31 +4096B  total=126976B  ~2.88s audio queued to aplay
2026-04-10 03:37:01.187 [DEBUG] [TTS►PIPE] chunk#32 +4096B  total=131072B  ~2.97s audio queued to aplay
2026-04-10 03:37:01.187 [DEBUG] [TTS►PIPE] chunk#33 +4096B  total=135168B  ~3.07s audio queued to aplay
2026-04-10 03:37:01.187 [DEBUG] [TTS►PIPE] chunk#34 +4096B  total=139264B  ~3.16s audio queued to aplay
2026-04-10 03:37:01.188 [DEBUG] [TTS►PIPE] chunk#35 +4096B  total=143360B  ~3.25s audio queued to aplay
2026-04-10 03:37:01.188 [DEBUG] [TTS►PIPE] chunk#36 +4096B  total=147456B  ~3.34s audio queued to aplay
2026-04-10 03:37:01.188 [DEBUG] [TTS►PIPE] chunk#37 +4096B  total=151552B  ~3.44s audio queued to aplay
2026-04-10 03:37:01.188 [DEBUG] [TTS►PIPE] chunk#38 +4096B  total=155648B  ~3.53s audio queued to aplay
2026-04-10 03:37:01.189 [DEBUG] [TTS►PIPE] chunk#39 +4096B  total=159744B  ~3.62s audio queued to aplay
2026-04-10 03:37:01.189 [DEBUG] [TTS►PIPE] chunk#40 +4096B  total=163840B  ~3.72s audio queued to aplay
2026-04-10 03:37:01.189 [DEBUG] [TTS►PIPE] chunk#41 +1024B  total=164864B  ~3.74s audio queued to aplay
2026-04-10 03:37:01.189 [DEBUG] [TTS►SYNC] Piper started — initial bytes: 164864B (waited 0.98s)
2026-04-10 03:37:01.491 [DEBUG] [TTS►SYNC] Piper settled — total audio piped: 164864B (~3.74s)
2026-04-10 03:37:01.492 [INFO] [TTS►SYNC] Waiting 3.56s for speaker to finish  (bytes=164864  duration=3.74s)
2026-04-10 03:37:05.056 [INFO] [TTS►SYNC] Speaker finished. Resetting counters.
2026-04-10 03:37:05.057 [INFO] [SYNC] TTS complete  total_speech_time=4.85s
2026-04-10 03:37:05.058 [DEBUG] > TEXT '{"type": "ready"}' [17 bytes]
2026-04-10 03:37:05.059 [INFO] [READY►TX] Sent READY to server
2026-04-10 03:37:05.065 [DEBUG] > BINARY 00 ff d8 ff e0 00 10 4a 46 49 46 00 01 01 00 00 ... 00 51 49 45 00 7f ff d9 [5455 bytes]
2026-04-10 03:37:05.069 [DEBUG] [FRAME►TX] frame sent  mode=ObjectDetection  size=5455B  t=03:37:05
2026-04-10 03:37:05.077 [DEBUG] > BINARY 00 ff d8 ff e0 00 10 4a 46 49 46 00 01 01 00 00 ... 40 01 a4 a2 8a 00 ff d9 [5484 bytes]
2026-04-10 03:37:05.082 [DEBUG] [FRAME►TX] frame sent  mode=ObjectDetection  size=5484B  t=03:37:05
2026-04-10 03:37:05.090 [DEBUG] > BINARY 00 ff d8 ff e0 00 10 4a 46 49 46 00 01 01 00 00 ... 14 1a 33 48 68 03 ff d9 [5515 bytes]
2026-04-10 03:37:05.094 [DEBUG] [FRAME►TX] frame sent  mode=ObjectDetection  size=5515B  t=03:37:05
2026-04-10 03:37:05.103 [DEBUG] > BINARY 00 ff d8 ff e0 00 10 4a 46 49 46 00 01 01 00 00 ... 19 a2 93 34 50 07 ff d9 [5492 bytes]
2026-04-10 03:37:05.107 [DEBUG] [FRAME►TX] frame sent  mode=ObjectDetection  size=5492B  t=03:37:05
2026-04-10 03:37:05.132 [DEBUG] > BINARY 00 ff d8 ff e0 00 10 4a 46 49 46 00 01 01 00 00 ... 9a 9c a9 c5 00 7f ff d9 [6060 bytes]
2026-04-10 03:37:05.137 [DEBUG] [FRAME►TX] frame sent  mode=ObjectDetection  size=6060B  t=03:37:05
2026-04-10 03:37:05.192 [DEBUG] > BINARY 00 ff d8 ff e0 00 10 4a 46 49 46 00 01 01 00 00 ... a2 9c 17 53 9a 00 ff d9 [5880 bytes]
2026-04-10 03:37:05.196 [DEBUG] [FRAME►TX] frame sent  mode=ObjectDetection  size=5880B  t=03:37:05
2026-04-10 03:37:05.251 [DEBUG] > BINARY 00 ff d8 ff e0 00 10 4a 46 49 46 00 01 01 00 00 ... d7 78 e9 de 86 07 ff d9 [5957 bytes]
2026-04-10 03:37:05.254 [DEBUG] [FRAME►TX] frame sent  mode=ObjectDetection  size=5957B  t=03:37:05
2026-04-10 03:37:05.312 [DEBUG] > BINARY 00 ff d8 ff e0 00 10 4a 46 49 46 00 01 01 00 00 ... 71 1f cf 9a 4c 67 ff d9 [6046 bytes]
2026-04-10 03:37:05.319 [DEBUG] [FRAME►TX] frame sent  mode=ObjectDetection  size=6046B  t=03:37:05
2026-04-10 03:37:05.376 [DEBUG] > BINARY 00 ff d8 ff e0 00 10 4a 46 49 46 00 01 01 00 00 ... 1e 5e a2 29 52 33 ff d9 [5535 bytes]
2026-04-10 03:37:05.380 [DEBUG] [FRAME►TX] frame sent  mode=ObjectDetection  size=5535B  t=03:37:05
2026-04-10 03:37:05.436 [DEBUG] > BINARY 00 ff d8 ff e0 00 10 4a 46 49 46 00 01 01 00 00 ... 26 3c 52 18 e9 01 ff d9 [6176 bytes]
2026-04-10 03:37:05.441 [DEBUG] [FRAME►TX] frame sent  mode=ObjectDetection  size=6176B  t=03:37:05
2026-04-10 03:37:05.497 [DEBUG] > BINARY 00 ff d8 ff e0 00 10 4a 46 49 46 00 01 01 00 00 ... ac 98 e9 36 52 03 ff d9 [5993 bytes]
2026-04-10 03:37:05.502 [DEBUG] [FRAME►TX] frame sent  mode=ObjectDetection  size=5993B  t=03:37:05
2026-04-10 03:37:05.556 [DEBUG] > BINARY 00 ff d8 ff e0 00 10 4a 46 49 46 00 01 01 00 00 ... 80 40 06 98 9a 3f ff d9 [4866 bytes]
2026-04-10 03:37:05.558 [DEBUG] [FRAME►TX] frame sent  mode=ObjectDetection  size=4866B  t=03:37:05
2026-04-10 03:37:05.616 [DEBUG] > BINARY 00 ff d8 ff e0 00 10 4a 46 49 46 00 01 01 00 00 ... 8c 53 49 92 d5 cf ff d9 [5717 bytes]
2026-04-10 03:37:05.620 [DEBUG] [FRAME►TX] frame sent  mode=ObjectDetection  size=5717B  t=03:37:05
2026-04-10 03:37:05.676 [DEBUG] > BINARY 00 ff d8 ff e0 00 10 4a 46 49 46 00 01 01 00 00 ... 40 c1 a6 4b 57 3f ff d9 [5693 bytes]
2026-04-10 03:37:05.678 [DEBUG] [FRAME►TX] frame sent  mode=ObjectDetection  size=5693B  t=03:37:05
2026-04-10 03:37:05.735 [DEBUG] > BINARY 00 ff d8 ff e0 00 10 4a 46 49 46 00 01 01 00 00 ... 40 19 14 c4 f6 3f ff d9 [5985 bytes]
2026-04-10 03:37:05.738 [DEBUG] [FRAME►TX] frame sent  mode=ObjectDetection  size=5985B  t=03:37:05
2026-04-10 03:37:05.739 [DEBUG] < TEXT '{"type": "text", "content": "The"}' [34 bytes]
2026-04-10 03:37:05.740 [DEBUG] [LLM◄RX] text chunk len=3 'The'
2026-04-10 03:37:05.796 [DEBUG] > BINARY 00 ff d8 ff e0 00 10 4a 46 49 46 00 01 01 00 00 ... 62 22 4f 26 98 99 ff d9 [5947 bytes]
2026-04-10 03:37:05.801 [DEBUG] [FRAME►TX] frame sent  mode=ObjectDetection  size=5947B  t=03:37:05
2026-04-10 03:37:05.856 [DEBUG] > BINARY 00 ff d8 ff e0 00 10 4a 46 49 46 00 01 01 00 00 ... 6c 25 b9 34 09 9f ff d9 [5963 bytes]
2026-04-10 03:37:05.861 [DEBUG] [FRAME►TX] frame sent  mode=ObjectDetection  size=5963B  t=03:37:05
2026-04-10 03:37:05.916 [DEBUG] > BINARY 00 ff d8 ff e0 00 10 4a 46 49 46 00 01 01 00 00 ... 58 b7 1e b4 09 9f ff d9 [5852 bytes]
2026-04-10 03:37:05.918 [DEBUG] [FRAME►TX] frame sent  mode=ObjectDetection  size=5852B  t=03:37:05
2026-04-10 03:37:05.976 [DEBUG] > BINARY 00 ff d8 ff e0 00 10 4a 46 49 46 00 01 01 00 00 ... 6b 16 4f 5a 04 cf ff d9 [5802 bytes]
2026-04-10 03:37:05.981 [DEBUG] [FRAME►TX] frame sent  mode=ObjectDetection  size=5802B  t=03:37:05
2026-04-10 03:37:05.982 [DEBUG] > PING 50 a3 30 16 [binary, 4 bytes]
2026-04-10 03:37:05.983 [DEBUG] % sent keepalive ping
2026-04-10 03:37:06.036 [DEBUG] > BINARY 00 ff d8 ff e0 00 10 4a 46 49 46 00 01 01 00 00 ... 6e e4 f6 cd 02 3f ff d9 [5883 bytes]
2026-04-10 03:37:06.041 [DEBUG] [FRAME►TX] frame sent  mode=ObjectDetection  size=5883B  t=03:37:06
2026-04-10 03:37:06.042 [DEBUG] < TEXT '{"type": "text", "content": " person"}' [38 bytes]
2026-04-10 03:37:06.042 [DEBUG] < TEXT '{"type": "text", "content": " stands"}' [38 bytes]
2026-04-10 03:37:06.042 [DEBUG] < TEXT '{"type": "text", "content": " directly"}' [40 bytes]
2026-04-10 03:37:06.043 [DEBUG] < TEXT '{"type": "text", "content": " in"}' [34 bytes]
2026-04-10 03:37:06.043 [DEBUG] < TEXT '{"type": "text", "content": " front"}' [37 bytes]
2026-04-10 03:37:06.043 [DEBUG] < TEXT '{"type": "text", "content": " of"}' [34 bytes]
2026-04-10 03:37:06.043 [DEBUG] < TEXT '{"type": "text", "content": " you"}' [35 bytes]
2026-04-10 03:37:06.043 [DEBUG] < TEXT '{"type": "text", "content": ","}' [32 bytes]
2026-04-10 03:37:06.044 [DEBUG] < TEXT '{"type": "text", "content": " their"}' [37 bytes]
2026-04-10 03:37:06.044 [DEBUG] < TEXT '{"type": "text", "content": " arms"}' [36 bytes]
2026-04-10 03:37:06.044 [DEBUG] < TEXT '{"type": "text", "content": " relaxed"}' [39 bytes]
2026-04-10 03:37:06.044 [DEBUG] < TEXT '{"type": "text", "content": " at"}' [34 bytes]
2026-04-10 03:37:06.044 [DEBUG] < TEXT '{"type": "text", "content": " their"}' [37 bytes]
2026-04-10 03:37:06.045 [DEBUG] < TEXT '{"type": "text", "content": " sides"}' [37 bytes]
2026-04-10 03:37:06.045 [DEBUG] < TEXT '{"type": "text", "content": "."}' [32 bytes]
2026-04-10 03:37:06.045 [DEBUG] < TEXT '{"type": "status", "content": "done"}' [37 bytes]
2026-04-10 03:37:06.045 [DEBUG] [LLM◄RX] text chunk len=7 ' person'
2026-04-10 03:37:06.096 [DEBUG] > BINARY 00 ff d8 ff e0 00 10 4a 46 49 46 00 01 01 00 00 ... c8 e4 fa d3 13 3f ff d9 [6060 bytes]
2026-04-10 03:37:06.101 [DEBUG] [FRAME►TX] frame sent  mode=ObjectDetection  size=6060B  t=03:37:06
2026-04-10 03:37:06.104 [DEBUG] < PING f1 79 9d 2f [binary, 4 bytes]
2026-04-10 03:37:06.104 [DEBUG] > PONG f1 79 9d 2f [binary, 4 bytes]
2026-04-10 03:37:06.104 [DEBUG] < PONG 50 a3 30 16 [binary, 4 bytes]
2026-04-10 03:37:06.105 [DEBUG] % received keepalive pong
2026-04-10 03:37:06.105 [DEBUG] [LLM◄RX] text chunk len=7 ' stands'
2026-04-10 03:37:06.156 [DEBUG] > BINARY 00 ff d8 ff e0 00 10 4a 46 49 46 00 01 01 00 00 ... 91 cf 6c d3 13 3f ff d9 [6027 bytes]
2026-04-10 03:37:06.159 [DEBUG] [FRAME►TX] frame sent  mode=ObjectDetection  size=6027B  t=03:37:06
2026-04-10 03:37:06.159 [DEBUG] [LLM◄RX] text chunk len=9 ' directly'
2026-04-10 03:37:06.216 [DEBUG] > BINARY 00 ff d8 ff e0 00 10 4a 46 49 46 00 01 01 00 00 ... 60 47 27 d6 98 8f ff d9 [6006 bytes]
2026-04-10 03:37:06.221 [DEBUG] [FRAME►TX] frame sent  mode=ObjectDetection  size=6006B  t=03:37:06
2026-04-10 03:37:06.222 [DEBUG] [LLM◄RX] text chunk len=3 ' in'
2026-04-10 03:37:06.276 [DEBUG] > BINARY 00 ff d8 ff e0 00 10 4a 46 49 46 00 01 01 00 00 ... 8f 76 57 ad 02 3f ff d9 [5959 bytes]
2026-04-10 03:37:06.281 [DEBUG] [FRAME►TX] frame sent  mode=ObjectDetection  size=5959B  t=03:37:06
2026-04-10 03:37:06.283 [DEBUG] [LLM◄RX] text chunk len=6 ' front'
2026-04-10 03:37:06.339 [DEBUG] > BINARY 00 ff d8 ff e0 00 10 4a 46 49 46 00 01 01 00 00 ... 21 05 71 9a 04 cf ff d9 [5926 bytes]
2026-04-10 03:37:06.342 [DEBUG] [FRAME►TX] frame sent  mode=ObjectDetection  size=5926B  t=03:37:06
2026-04-10 03:37:06.343 [DEBUG] [LLM◄RX] text chunk len=3 ' of'
2026-04-10 03:37:06.400 [DEBUG] > BINARY 00 ff d8 ff e0 00 10 4a 46 49 46 00 01 01 00 00 ... 47 6e 05 32 5a b9 ff d9 [5605 bytes]
2026-04-10 03:37:06.402 [DEBUG] [FRAME►TX] frame sent  mode=ObjectDetection  size=5605B  t=03:37:06
2026-04-10 03:37:06.403 [DEBUG] [LLM◄RX] text chunk len=4 ' you'
2026-04-10 03:37:06.460 [DEBUG] > BINARY 00 ff d8 ff e0 00 10 4a 46 49 46 00 01 01 00 00 ... 39 eb 42 44 b4 99 ff d9 [6030 bytes]
2026-04-10 03:37:06.462 [DEBUG] [FRAME►TX] frame sent  mode=ObjectDetection  size=6030B  t=03:37:06
2026-04-10 03:37:06.463 [DEBUG] [LLM◄RX] text chunk len=1 ','
2026-04-10 03:37:06.518 [DEBUG] > BINARY 00 ff d8 ff e0 00 10 4a 46 49 46 00 01 01 00 00 ... 90 b1 02 81 35 73 ff d9 [5604 bytes]
2026-04-10 03:37:06.521 [DEBUG] [FRAME►TX] frame sent  mode=ObjectDetection  size=5604B  t=03:37:06
2026-04-10 03:37:06.522 [DEBUG] [LLM◄RX] text chunk len=6 ' their'
2026-04-10 03:37:06.578 [DEBUG] > BINARY 00 ff d8 ff e0 00 10 4a 46 49 46 00 01 01 00 00 ... 46 d9 db 45 84 7f ff d9 [5697 bytes]
2026-04-10 03:37:06.581 [DEBUG] [FRAME►TX] frame sent  mode=ObjectDetection  size=5697B  t=03:37:06
2026-04-10 03:37:06.582 [DEBUG] [LLM◄RX] text chunk len=5 ' arms'
2026-04-10 03:37:06.639 [DEBUG] > BINARY 00 ff d8 ff e0 00 10 4a 46 49 46 00 01 01 00 00 ... 9a 28 11 fa d0 07 ff d9 [5192 bytes]
2026-04-10 03:37:06.644 [DEBUG] [FRAME►TX] frame sent  mode=ObjectDetection  size=5192B  t=03:37:06
2026-04-10 03:37:06.647 [DEBUG] [LLM◄RX] text chunk len=8 ' relaxed'
2026-04-10 03:37:06.700 [DEBUG] > BINARY 00 ff d8 ff e0 00 10 4a 46 49 46 00 01 01 00 00 ... 82 78 a6 79 74 80 ff d9 [5246 bytes]
2026-04-10 03:37:06.704 [DEBUG] [FRAME►TX] frame sent  mode=ObjectDetection  size=5246B  t=03:37:06
2026-04-10 03:37:06.707 [DEBUG] [LLM◄RX] text chunk len=3 ' at'
2026-04-10 03:37:06.759 [DEBUG] > BINARY 00 ff d8 ff e0 00 10 4a 46 49 46 00 01 01 00 00 ... 5d 26 e3 93 48 67 ff d9 [5137 bytes]
2026-04-10 03:37:06.764 [DEBUG] [FRAME►TX] frame sent  mode=ObjectDetection  size=5137B  t=03:37:06
2026-04-10 03:37:06.767 [DEBUG] [LLM◄RX] text chunk len=6 ' their'
2026-04-10 03:37:06.819 [DEBUG] > BINARY 00 ff d8 ff e0 00 10 4a 46 49 46 00 01 01 00 00 ... 51 24 81 85 00 7f ff d9 [5408 bytes]
2026-04-10 03:37:06.821 [DEBUG] [FRAME►TX] frame sent  mode=ObjectDetection  size=5408B  t=03:37:06
2026-04-10 03:37:06.822 [DEBUG] [LLM◄RX] text chunk len=6 ' sides'
2026-04-10 03:37:06.882 [DEBUG] > BINARY 00 ff d8 ff e0 00 10 4a 46 49 46 00 01 01 00 00 ... 4e 8e 32 0d 30 3f ff d9 [5581 bytes]
2026-04-10 03:37:06.887 [DEBUG] [FRAME►TX] frame sent  mode=ObjectDetection  size=5581B  t=03:37:06
2026-04-10 03:37:06.889 [DEBUG] [LLM◄RX] text chunk len=1 '.'
2026-04-10 03:37:06.943 [DEBUG] > BINARY 00 ff d8 ff e0 00 10 4a 46 49 46 00 01 01 00 00 ... a7 44 fb c7 14 c0 ff d9 [5532 bytes]
2026-04-10 03:37:06.948 [DEBUG] [FRAME►TX] frame sent  mode=ObjectDetection  size=5532B  t=03:37:06
2026-04-10 03:37:06.950 [INFO] [LLM◄DONE] Full response received  chars=78  words=14  text='The person stands directly in front of you, their arms relaxed at their sides.'
2026-04-10 03:37:06.950 [INFO] [TTS►QUEUE] Queuing full response for TTS (14 words)
2026-04-10 03:37:06.951 [DEBUG] [SYNC] Queuing SIGNAL_READY and joining queue...
2026-04-10 03:37:06.952 [INFO] [TTS►PIPER] Sending text (14 words, 78 chars): 'The person stands directly in front of you, their arms relaxed at their sides.'
2026-04-10 03:37:06.952 [DEBUG] [TTS►PIPER] Text written to Piper stdin
2026-04-10 03:37:06.953 [DEBUG] [TTS►SYNC] SIGNAL_READY received — waiting for Piper to START producing audio...
2026-04-10 03:37:07.927 [DEBUG] [TTS►PIPE] First audio chunk received — aplay stream started
2026-04-10 03:37:07.928 [DEBUG] [TTS►PIPE] chunk#42 +4096B  total=4096B  ~0.09s audio queued to aplay
2026-04-10 03:37:07.928 [DEBUG] [TTS►PIPE] chunk#43 +4096B  total=8192B  ~0.19s audio queued to aplay
2026-04-10 03:37:07.928 [DEBUG] [TTS►PIPE] chunk#44 +4096B  total=12288B  ~0.28s audio queued to aplay
2026-04-10 03:37:07.929 [DEBUG] [TTS►PIPE] chunk#45 +4096B  total=16384B  ~0.37s audio queued to aplay
2026-04-10 03:37:07.930 [DEBUG] [TTS►PIPE] chunk#46 +4096B  total=20480B  ~0.46s audio queued to aplay
2026-04-10 03:37:07.931 [DEBUG] [TTS►PIPE] chunk#47 +4096B  total=24576B  ~0.56s audio queued to aplay
2026-04-10 03:37:07.931 [DEBUG] [TTS►PIPE] chunk#48 +4096B  total=28672B  ~0.65s audio queued to aplay
2026-04-10 03:37:07.932 [DEBUG] [TTS►PIPE] chunk#49 +4096B  total=32768B  ~0.74s audio queued to aplay
2026-04-10 03:37:07.932 [DEBUG] [TTS►PIPE] chunk#50 +4096B  total=36864B  ~0.84s audio queued to aplay
2026-04-10 03:37:07.932 [DEBUG] [TTS►PIPE] chunk#51 +4096B  total=40960B  ~0.93s audio queued to aplay
2026-04-10 03:37:07.932 [DEBUG] [TTS►PIPE] chunk#52 +4096B  total=45056B  ~1.02s audio queued to aplay
2026-04-10 03:37:07.932 [DEBUG] [TTS►PIPE] chunk#53 +4096B  total=49152B  ~1.11s audio queued to aplay
2026-04-10 03:37:07.932 [DEBUG] [TTS►PIPE] chunk#54 +4096B  total=53248B  ~1.21s audio queued to aplay
2026-04-10 03:37:07.933 [DEBUG] [TTS►PIPE] chunk#55 +4096B  total=57344B  ~1.30s audio queued to aplay
2026-04-10 03:37:07.933 [DEBUG] [TTS►PIPE] chunk#56 +4096B  total=61440B  ~1.39s audio queued to aplay
2026-04-10 03:37:07.933 [DEBUG] [TTS►PIPE] chunk#57 +4096B  total=65536B  ~1.49s audio queued to aplay
2026-04-10 03:37:07.934 [DEBUG] [TTS►PIPE] chunk#58 +4096B  total=69632B  ~1.58s audio queued to aplay
2026-04-10 03:37:07.934 [DEBUG] [TTS►PIPE] chunk#59 +4096B  total=73728B  ~1.67s audio queued to aplay
2026-04-10 03:37:07.934 [DEBUG] [TTS►PIPE] chunk#60 +4096B  total=77824B  ~1.76s audio queued to aplay
2026-04-10 03:37:07.935 [DEBUG] [TTS►PIPE] chunk#61 +4096B  total=81920B  ~1.86s audio queued to aplay
2026-04-10 03:37:07.935 [DEBUG] [TTS►PIPE] chunk#62 +4096B  total=86016B  ~1.95s audio queued to aplay
2026-04-10 03:37:07.935 [DEBUG] [TTS►PIPE] chunk#63 +4096B  total=90112B  ~2.04s audio queued to aplay
2026-04-10 03:37:07.935 [DEBUG] [TTS►PIPE] chunk#64 +4096B  total=94208B  ~2.14s audio queued to aplay
2026-04-10 03:37:07.935 [DEBUG] [TTS►PIPE] chunk#65 +4096B  total=98304B  ~2.23s audio queued to aplay
2026-04-10 03:37:07.935 [DEBUG] [TTS►PIPE] chunk#66 +4096B  total=102400B  ~2.32s audio queued to aplay
2026-04-10 03:37:07.936 [DEBUG] [TTS►PIPE] chunk#67 +4096B  total=106496B  ~2.41s audio queued to aplay
2026-04-10 03:37:07.936 [DEBUG] [TTS►PIPE] chunk#68 +4096B  total=110592B  ~2.51s audio queued to aplay
2026-04-10 03:37:07.936 [DEBUG] [TTS►PIPE] chunk#69 +4096B  total=114688B  ~2.60s audio queued to aplay
2026-04-10 03:37:07.936 [DEBUG] [TTS►PIPE] chunk#70 +4096B  total=118784B  ~2.69s audio queued to aplay
2026-04-10 03:37:07.936 [DEBUG] [TTS►PIPE] chunk#71 +4096B  total=122880B  ~2.79s audio queued to aplay
2026-04-10 03:37:07.937 [DEBUG] [TTS►PIPE] chunk#72 +4096B  total=126976B  ~2.88s audio queued to aplay
2026-04-10 03:37:07.937 [DEBUG] [TTS►PIPE] chunk#73 +4096B  total=131072B  ~2.97s audio queued to aplay
2026-04-10 03:37:07.937 [DEBUG] [TTS►PIPE] chunk#74 +4096B  total=135168B  ~3.07s audio queued to aplay
2026-04-10 03:37:07.938 [DEBUG] [TTS►PIPE] chunk#75 +4096B  total=139264B  ~3.16s audio queued to aplay
2026-04-10 03:37:07.938 [DEBUG] [TTS►PIPE] chunk#76 +4096B  total=143360B  ~3.25s audio queued to aplay
2026-04-10 03:37:07.938 [DEBUG] [TTS►PIPE] chunk#77 +4096B  total=147456B  ~3.34s audio queued to aplay
2026-04-10 03:37:07.938 [DEBUG] [TTS►PIPE] chunk#78 +4096B  total=151552B  ~3.44s audio queued to aplay
2026-04-10 03:37:07.939 [DEBUG] [TTS►PIPE] chunk#79 +4096B  total=155648B  ~3.53s audio queued to aplay
2026-04-10 03:37:07.939 [DEBUG] [TTS►PIPE] chunk#80 +4096B  total=159744B  ~3.62s audio queued to aplay
2026-04-10 03:37:07.939 [DEBUG] [TTS►PIPE] chunk#81 +4096B  total=163840B  ~3.72s audio queued to aplay
2026-04-10 03:37:07.939 [DEBUG] [TTS►PIPE] chunk#82 +4096B  total=167936B  ~3.81s audio queued to aplay
2026-04-10 03:37:07.939 [DEBUG] [TTS►PIPE] chunk#83 +4096B  total=172032B  ~3.90s audio queued to aplay
2026-04-10 03:37:07.939 [DEBUG] [TTS►PIPE] chunk#84 +4096B  total=176128B  ~3.99s audio queued to aplay
2026-04-10 03:37:07.939 [DEBUG] [TTS►PIPE] chunk#85 +4096B  total=180224B  ~4.09s audio queued to aplay
2026-04-10 03:37:07.940 [DEBUG] [TTS►PIPE] chunk#86 +4096B  total=184320B  ~4.18s audio queued to aplay
2026-04-10 03:37:07.940 [DEBUG] [TTS►PIPE] chunk#87 +4096B  total=188416B  ~4.27s audio queued to aplay
2026-04-10 03:37:07.940 [DEBUG] [TTS►PIPE] chunk#88 +4096B  total=192512B  ~4.37s audio queued to aplay
2026-04-10 03:37:07.940 [DEBUG] [TTS►PIPE] chunk#89 +4096B  total=196608B  ~4.46s audio queued to aplay
2026-04-10 03:37:07.941 [DEBUG] [TTS►PIPE] chunk#90 +4096B  total=200704B  ~4.55s audio queued to aplay
2026-04-10 03:37:07.941 [DEBUG] [TTS►PIPE] chunk#91 +4096B  total=204800B  ~4.64s audio queued to aplay
2026-04-10 03:37:07.941 [DEBUG] [TTS►PIPE] chunk#92 +2048B  total=206848B  ~4.69s audio queued to aplay
2026-04-10 03:37:07.969 [DEBUG] [TTS►SYNC] Piper started — initial bytes: 206848B (waited 1.02s)
2026-04-10 03:37:08.272 [DEBUG] [TTS►SYNC] Piper settled — total audio piped: 206848B (~4.69s)
2026-04-10 03:37:08.273 [INFO] [TTS►SYNC] Waiting 4.50s for speaker to finish  (bytes=206848  duration=4.69s)
2026-04-10 03:37:12.771 [INFO] [TTS►SYNC] Speaker finished. Resetting counters.
2026-04-10 03:37:12.772 [INFO] [SYNC] TTS complete  total_speech_time=5.82s
2026-04-10 03:37:12.773 [DEBUG] > TEXT '{"type": "ready"}' [17 bytes]
2026-04-10 03:37:12.774 [INFO] [READY►TX] Sent READY to server
2026-04-10 03:37:12.781 [DEBUG] > BINARY 00 ff d8 ff e0 00 10 4a 46 49 46 00 01 01 00 00 ... 57 73 1c 0a 60 7f ff d9 [6078 bytes]
2026-04-10 03:37:12.786 [DEBUG] [FRAME►TX] frame sent  mode=ObjectDetection  size=6078B  t=03:37:12
2026-04-10 03:37:12.794 [DEBUG] > BINARY 00 ff d8 ff e0 00 10 4a 46 49 46 00 01 01 00 00 ... a9 03 7b d0 17 3f ff d9 [5902 bytes]
2026-04-10 03:37:12.799 [DEBUG] [FRAME►TX] frame sent  mode=ObjectDetection  size=5902B  t=03:37:12
2026-04-10 03:37:12.807 [DEBUG] > BINARY 00 ff d8 ff e0 00 10 4a 46 49 46 00 01 01 00 00 ... 52 ef f4 34 c5 73 ff d9 [6017 bytes]
2026-04-10 03:37:12.812 [DEBUG] [FRAME►TX] frame sent  mode=ObjectDetection  size=6017B  t=03:37:12
2026-04-10 03:37:12.820 [DEBUG] > BINARY 00 ff d8 ff e0 00 10 4a 46 49 46 00 01 01 00 00 ... 72 3e f5 32 6e 7f ff d9 [5792 bytes]
2026-04-10 03:37:12.825 [DEBUG] [FRAME►TX] frame sent  mode=ObjectDetection  size=5792B  t=03:37:12
2026-04-10 03:37:12.845 [DEBUG] > BINARY 00 ff d8 ff e0 00 10 4a 46 49 46 00 01 01 00 00 ... 40 05 14 51 40 cf ff d9 [5562 bytes]
2026-04-10 03:37:12.848 [DEBUG] [FRAME►TX] frame sent  mode=ObjectDetection  size=5562B  t=03:37:12
2026-04-10 03:37:12.907 [DEBUG] > BINARY 00 ff d8 ff e0 00 10 4a 46 49 46 00 01 01 00 00 ... 62 51 45 25 00 7f ff d9 [5461 bytes]
2026-04-10 03:37:12.909 [DEBUG] [FRAME►TX] frame sent  mode=ObjectDetection  size=5461B  t=03:37:12
2026-04-10 03:37:12.910 [DEBUG] < TEXT '{"type": "heartbeat"}' [21 bytes]
2026-04-10 03:37:12.911 [DEBUG] [HB◄RX] Heartbeat from server
2026-04-10 03:37:12.968 [DEBUG] > BINARY 00 ff d8 ff e0 00 10 4a 46 49 46 00 01 01 00 00 ... 12 9b 4e a6 d0 07 ff d9 [5255 bytes]
2026-04-10 03:37:12.971 [DEBUG] [FRAME►TX] frame sent  mode=ObjectDetection  size=5255B  t=03:37:12
2026-04-10 03:37:13.028 [DEBUG] > BINARY 00 ff d8 ff e0 00 10 4a 46 49 46 00 01 01 00 00 ... 0d 29 eb 48 68 19 ff d9 [5118 bytes]
2026-04-10 03:37:13.030 [DEBUG] [FRAME►TX] frame sent  mode=ObjectDetection  size=5118B  t=03:37:13
2026-04-10 03:37:13.031 [DEBUG] < TEXT '{"type": "heartbeat"}' [21 bytes]
2026-04-10 03:37:13.031 [DEBUG] [HB◄RX] Heartbeat from server
2026-04-10 03:37:13.088 [DEBUG] > BINARY 00 ff d8 ff e0 00 10 4a 46 49 46 00 01 01 00 00 ... 48 69 69 0d 00 7f ff d9 [5123 bytes]
2026-04-10 03:37:13.092 [DEBUG] [FRAME►TX] frame sent  mode=ObjectDetection  size=5123B  t=03:37:13
2026-04-10 03:37:13.148 [DEBUG] > BINARY 00 ff d8 ff e0 00 10 4a 46 49 46 00 01 01 00 00 ... 25 25 2d 21 a0 0f ff d9 [5005 bytes]
2026-04-10 03:37:13.152 [DEBUG] [FRAME►TX] frame sent  mode=ObjectDetection  size=5005B  t=03:37:13
2026-04-10 03:37:13.154 [DEBUG] < TEXT '{"type": "heartbeat"}' [21 bytes]
2026-04-10 03:37:13.155 [DEBUG] [HB◄RX] Heartbeat from server
2026-04-10 03:37:13.208 [DEBUG] > BINARY 00 ff d8 ff e0 00 10 4a 46 49 46 00 01 01 00 00 ... 05 25 2d 25 00 7f ff d9 [4872 bytes]
2026-04-10 03:37:13.212 [DEBUG] [FRAME►TX] frame sent  mode=ObjectDetection  size=4872B  t=03:37:13
2026-04-10 03:37:13.265 [DEBUG] > BINARY 00 ff d8 ff e0 00 10 4a 46 49 46 00 01 01 00 00 ... 40 05 14 52 50 07 ff d9 [4613 bytes]
2026-04-10 03:37:13.267 [DEBUG] [FRAME►TX] frame sent  mode=ObjectDetection  size=4613B  t=03:37:13
2026-04-10 03:37:13.268 [DEBUG] < TEXT '{"type": "heartbeat"}' [21 bytes]
2026-04-10 03:37:13.269 [DEBUG] [HB◄RX] Heartbeat from server
2026-04-10 03:37:13.328 [DEBUG] > BINARY 00 ff d8 ff e0 00 10 4a 46 49 46 00 01 01 00 00 ... 40 82 8a 29 28 03 ff d9 [4469 bytes]
2026-04-10 03:37:13.330 [DEBUG] [FRAME►TX] frame sent  mode=ObjectDetection  size=4469B  t=03:37:13
2026-04-10 03:37:13.331 [DEBUG] < TEXT '{"type": "heartbeat"}' [21 bytes]
2026-04-10 03:37:13.332 [DEBUG] [HB◄RX] Heartbeat from server
2026-04-10 03:37:13.388 [DEBUG] > BINARY 00 ff d8 ff e0 00 10 4a 46 49 46 00 01 01 00 00 ... 00 14 94 51 40 1f ff d9 [4468 bytes]
2026-04-10 03:37:13.392 [DEBUG] [FRAME►TX] frame sent  mode=ObjectDetection  size=4468B  t=03:37:13
2026-04-10 03:37:13.448 [DEBUG] > BINARY 00 ff d8 ff e0 00 10 4a 46 49 46 00 01 01 00 00 ... c4 34 94 b4 94 01 ff d9 [4699 bytes]
2026-04-10 03:37:13.452 [DEBUG] [FRAME►TX] frame sent  mode=ObjectDetection  size=4699B  t=03:37:13
2026-04-10 03:37:13.453 [DEBUG] < TEXT '{"type": "heartbeat"}' [21 bytes]
2026-04-10 03:37:13.453 [DEBUG] [HB◄RX] Heartbeat from server
2026-04-10 03:37:13.506 [DEBUG] > BINARY 00 ff d8 ff e0 00 10 4a 46 49 46 00 01 01 00 00 ... a4 a5 22 90 d0 07 ff d9 [5061 bytes]
2026-04-10 03:37:13.509 [DEBUG] [FRAME►TX] frame sent  mode=ObjectDetection  size=5061B  t=03:37:13
2026-04-10 03:37:13.510 [DEBUG] < TEXT '{"type": "heartbeat"}' [21 bytes]
2026-04-10 03:37:13.511 [DEBUG] [HB◄RX] Heartbeat from server
2026-04-10 03:37:13.568 [DEBUG] > BINARY 00 ff d8 ff e0 00 10 4a 46 49 46 00 01 01 00 00 ... a6 92 94 d2 1a 00 ff d9 [5310 bytes]
2026-04-10 03:37:13.572 [DEBUG] [FRAME►TX] frame sent  mode=ObjectDetection  size=5310B  t=03:37:13
2026-04-10 03:37:13.632 [DEBUG] > BINARY 00 ff d8 ff e0 00 10 4a 46 49 46 00 01 01 00 00 ... 49 4e 34 d3 40 cf ff d9 [5346 bytes]
2026-04-10 03:37:13.636 [DEBUG] [FRAME►TX] frame sent  mode=ObjectDetection  size=5346B  t=03:37:13
2026-04-10 03:37:13.638 [DEBUG] < TEXT '{"type": "heartbeat"}' [21 bytes]
2026-04-10 03:37:13.639 [DEBUG] [HB◄RX] Heartbeat from server
2026-04-10 03:37:13.692 [DEBUG] > BINARY 00 ff d8 ff e0 00 10 4a 46 49 46 00 01 01 00 00 ... 9b 4e 34 d3 48 67 ff d9 [5453 bytes]
2026-04-10 03:37:13.696 [DEBUG] [FRAME►TX] frame sent  mode=ObjectDetection  size=5453B  t=03:37:13
2026-04-10 03:37:13.698 [DEBUG] < TEXT '{"type": "heartbeat"}' [21 bytes]
2026-04-10 03:37:13.699 [DEBUG] [HB◄RX] Heartbeat from server
2026-04-10 03:37:13.752 [DEBUG] > BINARY 00 ff d8 ff e0 00 10 4a 46 49 46 00 01 01 00 00 ... 4a 71 a6 9a 06 7f ff d9 [5430 bytes]
2026-04-10 03:37:13.757 [DEBUG] [FRAME►TX] frame sent  mode=ObjectDetection  size=5430B  t=03:37:13
2026-04-10 03:37:13.758 [DEBUG] < TEXT '{"type": "heartbeat"}' [21 bytes]
2026-04-10 03:37:13.759 [DEBUG] [HB◄RX] Heartbeat from server
2026-04-10 03:37:13.820 [DEBUG] > BINARY 00 ff d8 ff e0 00 10 4a 46 49 46 00 01 01 00 00 ... 34 94 a6 90 d0 33 ff d9 [5394 bytes]
2026-04-10 03:37:13.823 [DEBUG] [FRAME►TX] frame sent  mode=ObjectDetection  size=5394B  t=03:37:13
2026-04-10 03:37:13.825 [DEBUG] < TEXT '{"type": "heartbeat"}' [21 bytes]
2026-04-10 03:37:13.826 [DEBUG] [HB◄RX] Heartbeat from server
2026-04-10 03:37:13.873 [DEBUG] > BINARY 00 ff d8 ff e0 00 10 4a 46 49 46 00 01 01 00 00 ... 48 69 4d 25 00 7f ff d9 [5413 bytes]
2026-04-10 03:37:13.878 [DEBUG] [FRAME►TX] frame sent  mode=ObjectDetection  size=5413B  t=03:37:13
2026-04-10 03:37:13.880 [DEBUG] < TEXT '{"type": "heartbeat"}' [21 bytes]
2026-04-10 03:37:13.882 [DEBUG] [HB◄RX] Heartbeat from server
2026-04-10 03:37:13.937 [DEBUG] > BINARY 00 ff d8 ff e0 00 10 4a 46 49 46 00 01 01 00 00 ... 9a 4a 75 34 d2 03 ff d9 [5335 bytes]
2026-04-10 03:37:13.940 [DEBUG] [FRAME►TX] frame sent  mode=ObjectDetection  size=5335B  t=03:37:13
2026-04-10 03:37:13.942 [DEBUG] < TEXT '{"type": "heartbeat"}' [21 bytes]
2026-04-10 03:37:13.943 [DEBUG] [HB◄RX] Heartbeat from server
2026-04-10 03:37:13.995 [DEBUG] > BINARY 00 ff d8 ff e0 00 10 4a 46 49 46 00 01 01 00 00 ... d2 1a 71 a6 d2 03 ff d9 [5343 bytes]
2026-04-10 03:37:14.000 [DEBUG] [FRAME►TX] frame sent  mode=ObjectDetection  size=5343B  t=03:37:13
2026-04-10 03:37:14.058 [DEBUG] > BINARY 00 ff d8 ff e0 00 10 4a 46 49 46 00 01 01 00 00 ... 00 94 94 b4 94 01 ff d9 [5345 bytes]
2026-04-10 03:37:14.061 [DEBUG] [FRAME►TX] frame sent  mode=ObjectDetection  size=5345B  t=03:37:14
2026-04-10 03:37:14.063 [DEBUG] < TEXT '{"type": "heartbeat"}' [21 bytes]
2026-04-10 03:37:14.064 [DEBUG] [HB◄RX] Heartbeat from server
2026-04-10 03:37:14.116 [DEBUG] > BINARY 00 ff d8 ff e0 00 10 4a 46 49 46 00 01 01 00 00 ... da 4a 75 36 80 3f ff d9 [5378 bytes]
2026-04-10 03:37:14.120 [DEBUG] [FRAME►TX] frame sent  mode=ObjectDetection  size=5378B  t=03:37:14
2026-04-10 03:37:14.122 [DEBUG] < TEXT '{"type": "heartbeat"}' [21 bytes]
2026-04-10 03:37:14.124 [DEBUG] [HB◄RX] Heartbeat from server
2026-04-10 03:37:14.175 [DEBUG] > BINARY 00 ff d8 ff e0 00 10 4a 46 49 46 00 01 01 00 00 ... 12 92 96 90 d0 07 ff d9 [5344 bytes]
2026-04-10 03:37:14.180 [DEBUG] [FRAME►TX] frame sent  mode=ObjectDetection  size=5344B  t=03:37:14
2026-04-10 03:37:14.181 [DEBUG] < TEXT '{"type": "heartbeat"}' [21 bytes]
2026-04-10 03:37:14.182 [DEBUG] [HB◄RX] Heartbeat from server
2026-04-10 03:37:14.233 [DEBUG] > BINARY 00 ff d8 ff e0 00 10 4a 46 49 46 00 01 01 00 00 ... 18 94 94 ea 4a 00 ff d9 [5368 bytes]
2026-04-10 03:37:14.237 [DEBUG] [FRAME►TX] frame sent  mode=ObjectDetection  size=5368B  t=03:37:14
2026-04-10 03:37:14.239 [DEBUG] < TEXT '{"type": "heartbeat"}' [21 bytes]
2026-04-10 03:37:14.240 [DEBUG] [HB◄RX] Heartbeat from server
2026-04-10 03:37:14.300 [DEBUG] > BINARY 00 ff d8 ff e0 00 10 4a 46 49 46 00 01 01 00 00 ... 29 29 4d 21 a0 0f ff d9 [5415 bytes]
2026-04-10 03:37:14.303 [DEBUG] [FRAME►TX] frame sent  mode=ObjectDetection  size=5415B  t=03:37:14
2026-04-10 03:37:14.305 [DEBUG] < TEXT '{"type": "heartbeat"}' [21 bytes]
2026-04-10 03:37:14.306 [DEBUG] [HB◄RX] Heartbeat from server
2026-04-10 03:37:14.355 [DEBUG] > BINARY 00 ff d8 ff e0 00 10 4a 46 49 46 00 01 01 00 00 ... 0a 4a 53 48 68 03 ff d9 [5433 bytes]
2026-04-10 03:37:14.359 [DEBUG] [FRAME►TX] frame sent  mode=ObjectDetection  size=5433B  t=03:37:14
2026-04-10 03:37:14.361 [DEBUG] < TEXT '{"type": "heartbeat"}' [21 bytes]
2026-04-10 03:37:14.363 [DEBUG] [HB◄RX] Heartbeat from server
2026-04-10 03:37:14.417 [DEBUG] > BINARY 00 ff d8 ff e0 00 10 4a 46 49 46 00 01 01 00 00 ... 18 94 94 b4 94 01 ff d9 [5324 bytes]
2026-04-10 03:37:14.421 [DEBUG] [FRAME►TX] frame sent  mode=ObjectDetection  size=5324B  t=03:37:14
2026-04-10 03:37:14.422 [DEBUG] < TEXT '{"type": "heartbeat"}' [21 bytes]
2026-04-10 03:37:14.424 [DEBUG] [HB◄RX] Heartbeat from server
2026-04-10 03:37:14.481 [DEBUG] > BINARY 00 ff d8 ff e0 00 10 4a 46 49 46 00 01 01 00 00 ... 18 94 94 b4 1a 00 ff d9 [5304 bytes]
2026-04-10 03:37:14.485 [DEBUG] [FRAME►TX] frame sent  mode=ObjectDetection  size=5304B  t=03:37:14
2026-04-10 03:37:14.486 [DEBUG] < TEXT '{"type": "heartbeat"}' [21 bytes]
2026-04-10 03:37:14.487 [DEBUG] [HB◄RX] Heartbeat from server
2026-04-10 03:37:14.539 [DEBUG] > BINARY 00 ff d8 ff e0 00 10 4a 46 49 46 00 01 01 00 00 ... 30 a4 a5 a4 a0 0f ff d9 [5225 bytes]
2026-04-10 03:37:14.544 [DEBUG] [FRAME►TX] frame sent  mode=ObjectDetection  size=5225B  t=03:37:14
2026-04-10 03:37:14.546 [DEBUG] < TEXT '{"type": "heartbeat"}' [21 bytes]
2026-04-10 03:37:14.547 [DEBUG] [HB◄RX] Heartbeat from server
2026-04-10 03:37:14.597 [DEBUG] > BINARY 00 ff d8 ff e0 00 10 4a 46 49 46 00 01 01 00 00 ... 12 8a 5a 43 4c 0f ff d9 [5220 bytes]
2026-04-10 03:37:14.601 [DEBUG] [FRAME►TX] frame sent  mode=ObjectDetection  size=5220B  t=03:37:14
2026-04-10 03:37:14.603 [DEBUG] < TEXT '{"type": "heartbeat"}' [21 bytes]
2026-04-10 03:37:14.604 [DEBUG] [HB◄RX] Heartbeat from server
2026-04-10 03:37:14.662 [DEBUG] > BINARY 00 ff d8 ff e0 00 10 4a 46 49 46 00 01 01 00 00 ... 94 52 d2 1a 63 3f ff d9 [5244 bytes]
2026-04-10 03:37:14.665 [DEBUG] [FRAME►TX] frame sent  mode=ObjectDetection  size=5244B  t=03:37:14
2026-04-10 03:37:14.667 [DEBUG] < TEXT '{"type": "heartbeat"}' [21 bytes]
2026-04-10 03:37:14.668 [DEBUG] [HB◄RX] Heartbeat from server
2026-04-10 03:37:14.724 [DEBUG] > BINARY 00 ff d8 ff e0 00 10 4a 46 49 46 00 01 01 00 00 ... 40 c4 a2 8a 29 81 ff d9 [5286 bytes]
2026-04-10 03:37:14.727 [DEBUG] [FRAME►TX] frame sent  mode=ObjectDetection  size=5286B  t=03:37:14
2026-04-10 03:37:14.728 [DEBUG] < TEXT '{"type": "heartbeat"}' [21 bytes]
2026-04-10 03:37:14.729 [DEBUG] [HB◄RX] Heartbeat from server
2026-04-10 03:37:14.779 [DEBUG] > BINARY 00 ff d8 ff e0 00 10 4a 46 49 46 00 01 01 00 00 ... 81 89 45 14 50 07 ff d9 [5132 bytes]
2026-04-10 03:37:14.784 [DEBUG] [FRAME►TX] frame sent  mode=ObjectDetection  size=5132B  t=03:37:14
2026-04-10 03:37:14.785 [DEBUG] < TEXT '{"type": "heartbeat"}' [21 bytes]
2026-04-10 03:37:14.787 [DEBUG] [HB◄RX] Heartbeat from server
2026-04-10 03:37:14.835 [DEBUG] > BINARY 00 ff d8 ff e0 00 10 4a 46 49 46 00 01 01 00 00 ... 86 25 25 2d 14 c0 ff d9 [5228 bytes]
2026-04-10 03:37:14.838 [DEBUG] [FRAME►TX] frame sent  mode=ObjectDetection  size=5228B  t=03:37:14
2026-04-10 03:37:14.840 [DEBUG] < TEXT '{"type": "heartbeat"}' [21 bytes]
2026-04-10 03:37:14.841 [DEBUG] [HB◄RX] Heartbeat from server
2026-04-10 03:37:14.897 [DEBUG] > BINARY 00 ff d8 ff e0 00 10 4a 46 49 46 00 01 01 00 00 ... 00 25 14 b4 94 0c ff d9 [5197 bytes]
2026-04-10 03:37:14.901 [DEBUG] [FRAME►TX] frame sent  mode=ObjectDetection  size=5197B  t=03:37:14
2026-04-10 03:37:14.902 [DEBUG] < TEXT '{"type": "heartbeat"}' [21 bytes]
2026-04-10 03:37:14.904 [DEBUG] [HB◄RX] Heartbeat from server
2026-04-10 03:37:14.959 [DEBUG] > BINARY 00 ff d8 ff e0 00 10 4a 46 49 46 00 01 01 00 00 ... c2 92 94 d2 50 33 ff d9 [5251 bytes]
2026-04-10 03:37:14.963 [DEBUG] [FRAME►TX] frame sent  mode=ObjectDetection  size=5251B  t=03:37:14
2026-04-10 03:37:14.965 [DEBUG] < TEXT '{"type": "heartbeat"}' [21 bytes]
2026-04-10 03:37:14.966 [DEBUG] [HB◄RX] Heartbeat from server
2026-04-10 03:37:15.019 [DEBUG] > BINARY 00 ff d8 ff e0 00 10 4a 46 49 46 00 01 01 00 00 ... 18 98 a2 8a 28 03 ff d9 [5306 bytes]
2026-04-10 03:37:15.023 [DEBUG] [FRAME►TX] frame sent  mode=ObjectDetection  size=5306B  t=03:37:15
2026-04-10 03:37:15.025 [DEBUG] < TEXT '{"type": "heartbeat"}' [21 bytes]
2026-04-10 03:37:15.026 [DEBUG] < TEXT '{"type": "heartbeat"}' [21 bytes]
2026-04-10 03:37:15.027 [DEBUG] [HB◄RX] Heartbeat from server
2026-04-10 03:37:15.079 [DEBUG] > BINARY 00 ff d8 ff e0 00 10 4a 46 49 46 00 01 01 00 00 ... 06 14 51 45 00 7f ff d9 [5357 bytes]
2026-04-10 03:37:15.083 [DEBUG] [FRAME►TX] frame sent  mode=ObjectDetection  size=5357B  t=03:37:15
2026-04-10 03:37:15.085 [DEBUG] [HB◄RX] Heartbeat from server
2026-04-10 03:37:15.140 [DEBUG] > BINARY 00 ff d8 ff e0 00 10 4a 46 49 46 00 01 01 00 00 ... 21 89 45 14 53 03 ff d9 [5364 bytes]
2026-04-10 03:37:15.144 [DEBUG] [FRAME►TX] frame sent  mode=ObjectDetection  size=5364B  t=03:37:15
2026-04-10 03:37:15.146 [DEBUG] < TEXT '{"type": "heartbeat"}' [21 bytes]
2026-04-10 03:37:15.147 [DEBUG] [HB◄RX] Heartbeat from server
2026-04-10 03:37:15.203 [DEBUG] > BINARY 00 ff d8 ff e0 00 10 4a 46 49 46 00 01 01 00 00 ... 0c 4a 28 a2 80 3f ff d9 [5397 bytes]
2026-04-10 03:37:15.206 [DEBUG] [FRAME►TX] frame sent  mode=ObjectDetection  size=5397B  t=03:37:15
2026-04-10 03:37:15.208 [DEBUG] < TEXT '{"type": "heartbeat"}' [21 bytes]
2026-04-10 03:37:15.208 [DEBUG] < TEXT '{"type": "heartbeat"}' [21 bytes]
2026-04-10 03:37:15.209 [DEBUG] [HB◄RX] Heartbeat from server
2026-04-10 03:37:15.257 [DEBUG] > BINARY 00 ff d8 ff e0 00 10 4a 46 49 46 00 01 01 00 00 ... 18 94 52 d2 50 33 ff d9 [5457 bytes]
2026-04-10 03:37:15.261 [DEBUG] [FRAME►TX] frame sent  mode=ObjectDetection  size=5457B  t=03:37:15
2026-04-10 03:37:15.263 [DEBUG] < TEXT '{"type": "heartbeat"}' [21 bytes]
2026-04-10 03:37:15.264 [DEBUG] [HB◄RX] Heartbeat from server
2026-04-10 03:37:15.320 [DEBUG] > BINARY 00 ff d8 ff e0 00 10 4a 46 49 46 00 01 01 00 00 ... 27 6a 29 69 28 03 ff d9 [5522 bytes]
2026-04-10 03:37:15.324 [DEBUG] [FRAME►TX] frame sent  mode=ObjectDetection  size=5522B  t=03:37:15
2026-04-10 03:37:15.325 [DEBUG] < TEXT '{"type": "heartbeat"}' [21 bytes]
2026-04-10 03:37:15.327 [DEBUG] [HB◄RX] Heartbeat from server
2026-04-10 03:37:15.379 [DEBUG] > BINARY 00 ff d8 ff e0 00 10 4a 46 49 46 00 01 01 00 00 ... 22 82 92 96 8a 00 ff d9 [5593 bytes]
2026-04-10 03:37:15.382 [DEBUG] [FRAME►TX] frame sent  mode=ObjectDetection  size=5593B  t=03:37:15
2026-04-10 03:37:15.384 [DEBUG] < TEXT '{"type": "heartbeat"}' [21 bytes]
2026-04-10 03:37:15.385 [DEBUG] < TEXT '{"type": "heartbeat"}' [21 bytes]
2026-04-10 03:37:15.386 [DEBUG] [HB◄RX] Heartbeat from server
2026-04-10 03:37:15.439 [DEBUG] > BINARY 00 ff d8 ff e0 00 10 4a 46 49 46 00 01 01 00 00 ... 91 41 45 14 50 07 ff d9 [5507 bytes]
2026-04-10 03:37:15.444 [DEBUG] [FRAME►TX] frame sent  mode=ObjectDetection  size=5507B  t=03:37:15
2026-04-10 03:37:15.446 [DEBUG] [HB◄RX] Heartbeat from server
2026-04-10 03:37:15.499 [DEBUG] > BINARY 00 ff d8 ff e0 00 10 4a 46 49 46 00 01 01 00 00 ... 82 92 96 92 80 3f ff d9 [5534 bytes]
2026-04-10 03:37:15.502 [DEBUG] [FRAME►TX] frame sent  mode=ObjectDetection  size=5534B  t=03:37:15
2026-04-10 03:37:15.504 [DEBUG] < TEXT '{"type": "heartbeat"}' [21 bytes]
2026-04-10 03:37:15.505 [DEBUG] [HB◄RX] Heartbeat from server
2026-04-10 03:37:15.562 [DEBUG] > BINARY 00 ff d8 ff e0 00 10 4a 46 49 46 00 01 01 00 00 ... 25 25 2d 25 00 7f ff d9 [5453 bytes]
2026-04-10 03:37:15.566 [DEBUG] [FRAME►TX] frame sent  mode=ObjectDetection  size=5453B  t=03:37:15
2026-04-10 03:37:15.568 [DEBUG] < TEXT '{"type": "heartbeat"}' [21 bytes]
2026-04-10 03:37:15.570 [DEBUG] [HB◄RX] Heartbeat from server
2026-04-10 03:37:15.623 [DEBUG] > BINARY 00 ff d8 ff e0 00 10 4a 46 49 46 00 01 01 00 00 ... 58 94 51 49 40 1f ff d9 [5404 bytes]
2026-04-10 03:37:15.627 [DEBUG] [FRAME►TX] frame sent  mode=ObjectDetection  size=5404B  t=03:37:15
2026-04-10 03:37:15.629 [DEBUG] < TEXT '{"type": "heartbeat"}' [21 bytes]
2026-04-10 03:37:15.630 [DEBUG] [HB◄RX] Heartbeat from server
2026-04-10 03:37:15.681 [DEBUG] > BINARY 00 ff d8 ff e0 00 10 4a 46 49 46 00 01 01 00 00 ... 50 51 46 29 28 03 ff d9 [5351 bytes]
2026-04-10 03:37:15.685 [DEBUG] [FRAME►TX] frame sent  mode=ObjectDetection  size=5351B  t=03:37:15
2026-04-10 03:37:15.687 [DEBUG] < TEXT '{"type": "heartbeat"}' [21 bytes]
2026-04-10 03:37:15.688 [DEBUG] [HB◄RX] Heartbeat from server
2026-04-10 03:37:15.748 [DEBUG] > BINARY 00 ff d8 ff e0 00 10 4a 46 49 46 00 01 01 00 00 ... 10 d2 52 d2 50 07 ff d9 [5225 bytes]
2026-04-10 03:37:15.751 [DEBUG] [FRAME►TX] frame sent  mode=ObjectDetection  size=5225B  t=03:37:15
2026-04-10 03:37:15.752 [DEBUG] < TEXT '{"type": "heartbeat"}' [21 bytes]
2026-04-10 03:37:15.753 [DEBUG] [HB◄RX] Heartbeat from server
2026-04-10 03:37:15.806 [DEBUG] > BINARY 00 ff d8 ff e0 00 10 4a 46 49 46 00 01 01 00 00 ... 89 49 4a 69 28 03 ff d9 [4478 bytes]
2026-04-10 03:37:15.809 [DEBUG] [FRAME►TX] frame sent  mode=ObjectDetection  size=4478B  t=03:37:15
2026-04-10 03:37:15.811 [DEBUG] < TEXT '{"type": "heartbeat"}' [21 bytes]
2026-04-10 03:37:15.812 [DEBUG] [HB◄RX] Heartbeat from server
2026-04-10 03:37:15.863 [DEBUG] > BINARY 00 ff d8 ff e0 00 10 4a 46 49 46 00 01 01 00 00 ... 4d 38 d3 4d 03 3f ff d9 [4561 bytes]
2026-04-10 03:37:15.868 [DEBUG] [FRAME►TX] frame sent  mode=ObjectDetection  size=4561B  t=03:37:15
2026-04-10 03:37:15.870 [DEBUG] < TEXT '{"type": "heartbeat"}' [21 bytes]
2026-04-10 03:37:15.871 [DEBUG] [HB◄RX] Heartbeat from server
2026-04-10 03:37:15.919 [DEBUG] > BINARY 00 ff d8 ff e0 00 10 4a 46 49 46 00 01 01 00 00 ... b8 c1 a8 cd 03 3f ff d9 [4496 bytes]
2026-04-10 03:37:15.922 [DEBUG] [FRAME►TX] frame sent  mode=ObjectDetection  size=4496B  t=03:37:15
2026-04-10 03:37:15.924 [DEBUG] < TEXT '{"type": "heartbeat"}' [21 bytes]
2026-04-10 03:37:15.925 [DEBUG] [HB◄RX] Heartbeat from server
2026-04-10 03:37:15.987 [DEBUG] > BINARY 00 ff d8 ff e0 00 10 4a 46 49 46 00 01 01 00 00 ... d2 a9 b8 c1 a0 0f ff d9 [5096 bytes]
2026-04-10 03:37:15.990 [DEBUG] [FRAME►TX] frame sent  mode=ObjectDetection  size=5096B  t=03:37:15
2026-04-10 03:37:15.992 [DEBUG] < TEXT '{"type": "heartbeat"}' [21 bytes]
2026-04-10 03:37:15.993 [DEBUG] [HB◄RX] Heartbeat from server
2026-04-10 03:37:16.047 [DEBUG] > BINARY 00 ff d8 ff e0 00 10 4a 46 49 46 00 01 01 00 00 ... 22 b3 e7 5c 52 03 ff d9 [5075 bytes]
2026-04-10 03:37:16.050 [DEBUG] [FRAME►TX] frame sent  mode=ObjectDetection  size=5075B  t=03:37:16
2026-04-10 03:37:16.052 [DEBUG] < TEXT '{"type": "heartbeat"}' [21 bytes]
2026-04-10 03:37:16.053 [DEBUG] [HB◄RX] Heartbeat from server
2026-04-10 03:37:16.103 [DEBUG] > BINARY 00 ff d8 ff e0 00 10 4a 46 49 46 00 01 01 00 00 ... 84 d4 13 28 34 80 ff d9 [5052 bytes]
2026-04-10 03:37:16.107 [DEBUG] [FRAME►TX] frame sent  mode=ObjectDetection  size=5052B  t=03:37:16
2026-04-10 03:37:16.108 [DEBUG] < TEXT '{"type": "heartbeat"}' [21 bytes]
2026-04-10 03:37:16.110 [DEBUG] [HB◄RX] Heartbeat from server
2026-04-10 03:37:16.162 [DEBUG] > BINARY 00 ff d8 ff e0 00 10 4a 46 49 46 00 01 01 00 00 ... 20 61 47 6a a2 4f ff d9 [4398 bytes]
2026-04-10 03:37:16.165 [DEBUG] [FRAME►TX] frame sent  mode=ObjectDetection  size=4398B  t=03:37:16
2026-04-10 03:37:16.167 [DEBUG] < TEXT '{"type": "heartbeat"}' [21 bytes]
2026-04-10 03:37:16.168 [DEBUG] [HB◄RX] Heartbeat from server
2026-04-10 03:37:16.227 [DEBUG] > BINARY 00 ff d8 ff e0 00 10 4a 46 49 46 00 01 01 00 00 ... ba 9a 90 1c d0 23 ff d9 [4242 bytes]
2026-04-10 03:37:16.230 [DEBUG] [FRAME►TX] frame sent  mode=ObjectDetection  size=4242B  t=03:37:16
2026-04-10 03:37:16.232 [DEBUG] < TEXT '{"type": "heartbeat"}' [21 bytes]
2026-04-10 03:37:16.233 [DEBUG] < TEXT '{"type": "heartbeat"}' [21 bytes]
2026-04-10 03:37:16.233 [DEBUG] [HB◄RX] Heartbeat from server
2026-04-10 03:37:16.283 [DEBUG] > BINARY 00 ff d8 ff e0 00 10 4a 46 49 46 00 01 01 00 00 ... 2a 4c fa 1a 04 cf ff d9 [5079 bytes]
2026-04-10 03:37:16.287 [DEBUG] [FRAME►TX] frame sent  mode=ObjectDetection  size=5079B  t=03:37:16
2026-04-10 03:37:16.289 [DEBUG] < TEXT '{"type": "heartbeat"}' [21 bytes]
2026-04-10 03:37:16.291 [DEBUG] [HB◄RX] Heartbeat from server
2026-04-10 03:37:16.346 [DEBUG] > BINARY 00 ff d8 ff e0 00 10 4a 46 49 46 00 01 01 00 00 ... 3c 54 99 e3 8a 00 ff d9 [4900 bytes]
2026-04-10 03:37:16.351 [DEBUG] [FRAME►TX] frame sent  mode=ObjectDetection  size=4900B  t=03:37:16
2026-04-10 03:37:16.353 [DEBUG] [HB◄RX] Heartbeat from server
2026-04-10 03:37:16.408 [DEBUG] > BINARY 00 ff d8 ff e0 00 10 4a 46 49 46 00 01 01 00 00 ... 1e 2a 4c fa 53 03 ff d9 [4917 bytes]
2026-04-10 03:37:16.412 [DEBUG] [FRAME►TX] frame sent  mode=ObjectDetection  size=4917B  t=03:37:16
2026-04-10 03:37:16.414 [DEBUG] < TEXT '{"type": "heartbeat"}' [21 bytes]
2026-04-10 03:37:16.415 [DEBUG] [HB◄RX] Heartbeat from server
2026-04-10 03:37:16.473 [DEBUG] > BINARY 00 ff d8 ff e0 00 10 4a 46 49 46 00 01 01 00 00 ... ce 6a 65 34 c4 7f ff d9 [4524 bytes]
2026-04-10 03:37:16.477 [DEBUG] [FRAME►TX] frame sent  mode=ObjectDetection  size=4524B  t=03:37:16
2026-04-10 03:37:16.478 [DEBUG] < TEXT '{"type": "heartbeat"}' [21 bytes]
2026-04-10 03:37:16.479 [DEBUG] [HB◄RX] Heartbeat from server
2026-04-10 03:37:16.531 [DEBUG] > BINARY 00 ff d8 ff e0 00 10 4a 46 49 46 00 01 01 00 00 ... 65 6a 99 4d 00 7f ff d9 [4425 bytes]
2026-04-10 03:37:16.534 [DEBUG] [FRAME►TX] frame sent  mode=ObjectDetection  size=4425B  t=03:37:16
2026-04-10 03:37:16.536 [DEBUG] < TEXT '{"type": "heartbeat"}' [21 bytes]
2026-04-10 03:37:16.537 [DEBUG] [HB◄RX] Heartbeat from server
2026-04-10 03:37:16.587 [DEBUG] > BINARY 00 ff d8 ff e0 00 10 4a 46 49 46 00 01 01 00 00 ... ae ad 52 a1 a0 0f ff d9 [4443 bytes]
2026-04-10 03:37:16.591 [DEBUG] [FRAME►TX] frame sent  mode=ObjectDetection  size=4443B  t=03:37:16
2026-04-10 03:37:16.593 [DEBUG] < TEXT '{"type": "heartbeat"}' [21 bytes]
2026-04-10 03:37:16.594 [DEBUG] [HB◄RX] Heartbeat from server
2026-04-10 03:37:16.652 [DEBUG] > BINARY 00 ff d8 ff e0 00 10 4a 46 49 46 00 01 01 00 00 ... a0 56 a9 55 a8 03 ff d9 [3970 bytes]
2026-04-10 03:37:16.655 [DEBUG] [FRAME►TX] frame sent  mode=ObjectDetection  size=3970B  t=03:37:16
2026-04-10 03:37:16.656 [DEBUG] < TEXT '{"type": "heartbeat"}' [21 bytes]
2026-04-10 03:37:16.657 [DEBUG] [HB◄RX] Heartbeat from server
2026-04-10 03:37:16.706 [DEBUG] > BINARY 00 ff d8 ff e0 00 10 4a 46 49 46 00 01 01 00 00 ... 40 a6 a5 53 40 8f ff d9 [3941 bytes]
2026-04-10 03:37:16.710 [DEBUG] [FRAME►TX] frame sent  mode=ObjectDetection  size=3941B  t=03:37:16
2026-04-10 03:37:16.712 [DEBUG] < TEXT '{"type": "heartbeat"}' [21 bytes]
2026-04-10 03:37:16.713 [DEBUG] [HB◄RX] Heartbeat from server
2026-04-10 03:37:16.772 [DEBUG] > BINARY 00 ff d8 ff e0 00 10 4a 46 49 46 00 01 01 00 00 ... 67 8a 91 4d 30 3f ff d9 [4006 bytes]
2026-04-10 03:37:16.775 [DEBUG] [FRAME►TX] frame sent  mode=ObjectDetection  size=4006B  t=03:37:16
2026-04-10 03:37:16.776 [DEBUG] < TEXT '{"type": "heartbeat"}' [21 bytes]
2026-04-10 03:37:16.777 [DEBUG] [HB◄RX] Heartbeat from server
2026-04-10 03:37:16.831 [DEBUG] > BINARY 00 ff d8 ff e0 00 10 4a 46 49 46 00 01 01 00 00 ... 81 a6 52 8a 60 7f ff d9 [4203 bytes]
2026-04-10 03:37:16.834 [DEBUG] [FRAME►TX] frame sent  mode=ObjectDetection  size=4203B  t=03:37:16
2026-04-10 03:37:16.835 [DEBUG] < TEXT '{"type": "heartbeat"}' [21 bytes]
2026-04-10 03:37:16.836 [DEBUG] [HB◄RX] Heartbeat from server
2026-04-10 03:37:16.884 [DEBUG] > BINARY 00 ff d8 ff e0 00 10 4a 46 49 46 00 01 01 00 00 ... 40 01 a4 a2 8a 00 ff d9 [3980 bytes]
2026-04-10 03:37:16.888 [DEBUG] [FRAME►TX] frame sent  mode=ObjectDetection  size=3980B  t=03:37:16
2026-04-10 03:37:16.890 [DEBUG] < TEXT '{"type": "heartbeat"}' [21 bytes]
2026-04-10 03:37:16.892 [DEBUG] [HB◄RX] Heartbeat from server
2026-04-10 03:37:16.945 [DEBUG] > BINARY 00 ff d8 ff e0 00 10 4a 46 49 46 00 01 01 00 00 ... 98 e6 82 69 28 03 ff d9 [3956 bytes]
2026-04-10 03:37:16.948 [DEBUG] [FRAME►TX] frame sent  mode=ObjectDetection  size=3956B  t=03:37:16
2026-04-10 03:37:16.950 [DEBUG] < TEXT '{"type": "heartbeat"}' [21 bytes]
2026-04-10 03:37:16.952 [DEBUG] [HB◄RX] Heartbeat from server
2026-04-10 03:37:17.004 [DEBUG] > BINARY 00 ff d8 ff e0 00 10 4a 46 49 46 00 01 01 00 00 ... 35 9a 98 5b 34 c0 ff d9 [4106 bytes]
2026-04-10 03:37:17.008 [DEBUG] [FRAME►TX] frame sent  mode=ObjectDetection  size=4106B  t=03:37:17
2026-04-10 03:37:17.009 [DEBUG] < TEXT '{"type": "heartbeat"}' [21 bytes]
2026-04-10 03:37:17.010 [DEBUG] [HB◄RX] Heartbeat from server
2026-04-10 03:37:17.067 [DEBUG] > BINARY 00 ff d8 ff e0 00 10 4a 46 49 46 00 01 01 00 00 ... 22 d4 d2 d4 c4 7f ff d9 [3832 bytes]
2026-04-10 03:37:17.072 [DEBUG] [FRAME►TX] frame sent  mode=ObjectDetection  size=3832B  t=03:37:17
2026-04-10 03:37:17.074 [DEBUG] < TEXT '{"type": "heartbeat"}' [21 bytes]
2026-04-10 03:37:17.075 [DEBUG] [HB◄RX] Heartbeat from server
2026-04-10 03:37:17.127 [DEBUG] > BINARY 00 ff d8 ff e0 00 10 4a 46 49 46 00 01 01 00 00 ... 51 e6 93 7d 00 7f ff d9 [3981 bytes]
2026-04-10 03:37:17.130 [DEBUG] [FRAME►TX] frame sent  mode=ObjectDetection  size=3981B  t=03:37:17
2026-04-10 03:37:17.132 [DEBUG] < TEXT '{"type": "heartbeat"}' [21 bytes]
2026-04-10 03:37:17.133 [DEBUG] [HB◄RX] Heartbeat from server
2026-04-10 03:37:17.184 [DEBUG] > BINARY 00 ff d8 ff e0 00 10 4a 46 49 46 00 01 01 00 00 ... 30 52 ee c5 00 7f ff d9 [3967 bytes]
2026-04-10 03:37:17.187 [DEBUG] [FRAME►TX] frame sent  mode=ObjectDetection  size=3967B  t=03:37:17
2026-04-10 03:37:17.188 [DEBUG] < TEXT '{"type": "heartbeat"}' [21 bytes]
2026-04-10 03:37:17.189 [DEBUG] [HB◄RX] Heartbeat from server
2026-04-10 03:37:17.245 [DEBUG] > BINARY 00 ff d8 ff e0 00 10 4a 46 49 46 00 01 01 00 00 ... 4c 14 ec 81 40 8f ff d9 [3998 bytes]
2026-04-10 03:37:17.248 [DEBUG] [FRAME►TX] frame sent  mode=ObjectDetection  size=3998B  t=03:37:17
2026-04-10 03:37:17.250 [DEBUG] < TEXT '{"type": "heartbeat"}' [21 bytes]
2026-04-10 03:37:17.251 [DEBUG] [HB◄RX] Heartbeat from server
2026-04-10 03:37:17.315 [DEBUG] > BINARY 00 ff d8 ff e0 00 10 4a 46 49 46 00 01 01 00 00 ... 1a 8d 69 e0 d0 23 ff d9 [3872 bytes]
2026-04-10 03:37:17.318 [DEBUG] [FRAME►TX] frame sent  mode=ObjectDetection  size=3872B  t=03:37:17
2026-04-10 03:37:17.320 [DEBUG] < TEXT '{"type": "heartbeat"}' [21 bytes]
2026-04-10 03:37:17.321 [DEBUG] [HB◄RX] Heartbeat from server
2026-04-10 03:37:17.371 [DEBUG] > BINARY 00 ff d8 ff e0 00 10 4a 46 49 46 00 01 01 00 00 ... 01 a6 0a 78 34 01 ff d9 [4064 bytes]
2026-04-10 03:37:17.375 [DEBUG] [FRAME►TX] frame sent  mode=ObjectDetection  size=4064B  t=03:37:17
2026-04-10 03:37:17.377 [DEBUG] < TEXT '{"type": "heartbeat"}' [21 bytes]
2026-04-10 03:37:17.378 [DEBUG] [HB◄RX] Heartbeat from server
2026-04-10 03:37:17.430 [DEBUG] > BINARY 00 ff d8 ff e0 00 10 4a 46 49 46 00 01 01 00 00 ... 54 62 a4 06 90 1f ff d9 [3965 bytes]
2026-04-10 03:37:17.433 [DEBUG] [FRAME►TX] frame sent  mode=ObjectDetection  size=3965B  t=03:37:17
2026-04-10 03:37:17.435 [DEBUG] < TEXT '{"type": "heartbeat"}' [21 bytes]
2026-04-10 03:37:17.436 [DEBUG] [HB◄RX] Heartbeat from server
2026-04-10 03:37:17.490 [DEBUG] > BINARY 00 ff d8 ff e0 00 10 4a 46 49 46 00 01 01 00 00 ... d4 62 9e 0d 20 3f ff d9 [3922 bytes]
2026-04-10 03:37:17.495 [DEBUG] [FRAME►TX] frame sent  mode=ObjectDetection  size=3922B  t=03:37:17
2026-04-10 03:37:17.497 [DEBUG] < TEXT '{"type": "heartbeat"}' [21 bytes]
2026-04-10 03:37:17.498 [DEBUG] [HB◄RX] Heartbeat from server
2026-04-10 03:37:17.548 [DEBUG] > BINARY 00 ff d8 ff e0 00 10 4a 46 49 46 00 01 01 00 00 ... 74 a6 53 87 14 80 ff d9 [3905 bytes]
2026-04-10 03:37:17.551 [DEBUG] [FRAME►TX] frame sent  mode=ObjectDetection  size=3905B  t=03:37:17
2026-04-10 03:37:17.553 [DEBUG] < TEXT '{"type": "heartbeat"}' [21 bytes]
2026-04-10 03:37:17.554 [DEBUG] [HB◄RX] Heartbeat from server
2026-04-10 03:37:17.616 [DEBUG] > BINARY 00 ff d8 ff e0 00 10 4a 46 49 46 00 01 01 00 00 ... 52 a8 14 ea 40 7f ff d9 [3584 bytes]
2026-04-10 03:37:17.619 [DEBUG] [FRAME►TX] frame sent  mode=ObjectDetection  size=3584B  t=03:37:17
2026-04-10 03:37:17.621 [DEBUG] < TEXT '{"type": "heartbeat"}' [21 bytes]
2026-04-10 03:37:17.622 [DEBUG] < TEXT '{"type": "heartbeat"}' [21 bytes]
2026-04-10 03:37:17.622 [DEBUG] [HB◄RX] Heartbeat from server
2026-04-10 03:37:17.671 [DEBUG] > BINARY 00 ff d8 ff e0 00 10 4a 46 49 46 00 01 01 00 00 ... e8 b5 32 81 48 0f ff d9 [3716 bytes]
2026-04-10 03:37:17.675 [DEBUG] [FRAME►TX] frame sent  mode=ObjectDetection  size=3716B  t=03:37:17
2026-04-10 03:37:17.676 [DEBUG] [HB◄RX] Heartbeat from server
2026-04-10 03:37:17.735 [DEBUG] > BINARY 00 ff d8 ff e0 00 10 4a 46 49 46 00 01 01 00 00 ... eb 53 28 02 95 c0 ff d9 [3845 bytes]
2026-04-10 03:37:17.738 [DEBUG] [FRAME►TX] frame sent  mode=ObjectDetection  size=3845B  t=03:37:17
2026-04-10 03:37:17.739 [DEBUG] [HB◄RX] Heartbeat from server
2026-04-10 03:37:17.791 [DEBUG] > BINARY 00 ff d8 ff e0 00 10 4a 46 49 46 00 01 01 00 00 ... e8 a2 a6 50 29 01 ff d9 [3887 bytes]
2026-04-10 03:37:17.795 [DEBUG] [FRAME►TX] frame sent  mode=ObjectDetection  size=3887B  t=03:37:17
2026-04-10 03:37:17.854 [DEBUG] > BINARY 00 ff d8 ff e0 00 10 4a 46 49 46 00 01 01 00 00 ... 4e 55 14 fa 43 3f ff d9 [3576 bytes]
2026-04-10 03:37:17.857 [DEBUG] [FRAME►TX] frame sent  mode=ObjectDetection  size=3576B  t=03:37:17
2026-04-10 03:37:17.911 [DEBUG] > BINARY 00 ff d8 ff e0 00 10 4a 46 49 46 00 01 01 00 00 ... e2 90 71 4e 14 08 ff d9 [3531 bytes]
2026-04-10 03:37:17.915 [DEBUG] [FRAME►TX] frame sent  mode=ObjectDetection  size=3531B  t=03:37:17
2026-04-10 03:37:17.971 [DEBUG] > BINARY 00 ff d8 ff e0 00 10 4a 46 49 46 00 01 01 00 00 ... a3 dd 4d 2d 40 1f ff d9 [3441 bytes]
2026-04-10 03:37:17.975 [DEBUG] [FRAME►TX] frame sent  mode=ObjectDetection  size=3441B  t=03:37:17
2026-04-10 03:37:18.031 [DEBUG] > BINARY 00 ff d8 ff e0 00 10 4a 46 49 46 00 01 01 00 00 ... 6c d2 75 e9 4c 0f ff d9 [3890 bytes]
2026-04-10 03:37:18.036 [DEBUG] [FRAME►TX] frame sent  mode=ObjectDetection  size=3890B  t=03:37:18
2026-04-10 03:37:18.090 [DEBUG] > BINARY 00 ff d8 ff e0 00 10 4a 46 49 46 00 01 01 00 00 ... bb 26 8e 08 a6 07 ff d9 [4166 bytes]
2026-04-10 03:37:18.094 [DEBUG] [FRAME►TX] frame sent  mode=ObjectDetection  size=4166B  t=03:37:18
2026-04-10 03:37:18.095 [DEBUG] < TEXT '{"type": "text", "content": "There"}' [36 bytes]
2026-04-10 03:37:18.096 [DEBUG] [LLM◄RX] text chunk len=5 'There'
2026-04-10 03:37:18.154 [DEBUG] > BINARY 00 ff d8 ff e0 00 10 4a 46 49 46 00 01 01 00 00 ... 49 9a 5e 0d 00 7f ff d9 [4183 bytes]
2026-04-10 03:37:18.157 [DEBUG] [FRAME►TX] frame sent  mode=ObjectDetection  size=4183B  t=03:37:18
2026-04-10 03:37:18.220 [DEBUG] > BINARY 00 ff d8 ff e0 00 10 4a 46 49 46 00 01 01 00 00 ... 0d 2f 07 eb 4c 0f ff d9 [4233 bytes]
2026-04-10 03:37:18.223 [DEBUG] [FRAME►TX] frame sent  mode=ObjectDetection  size=4233B  t=03:37:18
2026-04-10 03:37:18.272 [DEBUG] > BINARY 00 ff d8 ff e0 00 10 4a 46 49 46 00 01 01 00 00 ... 28 06 83 82 28 03 ff d9 [4325 bytes]
2026-04-10 03:37:18.276 [DEBUG] [FRAME►TX] frame sent  mode=ObjectDetection  size=4325B  t=03:37:18
2026-04-10 03:37:18.332 [DEBUG] > BINARY 00 ff d8 ff e0 00 10 4a 46 49 46 00 01 01 00 00 ... d0 0d 07 04 50 07 ff d9 [4278 bytes]
2026-04-10 03:37:18.335 [DEBUG] [FRAME►TX] frame sent  mode=ObjectDetection  size=4278B  t=03:37:18
2026-04-10 03:37:18.400 [DEBUG] > BINARY 00 ff d8 ff e0 00 10 4a 46 49 46 00 01 01 00 00 ... 45 00 d0 4e 68 03 ff d9 [4278 bytes]
2026-04-10 03:37:18.403 [DEBUG] [FRAME►TX] frame sent  mode=ObjectDetection  size=4278B  t=03:37:18
2026-04-10 03:37:18.455 [DEBUG] > BINARY 00 ff d8 ff e0 00 10 4a 46 49 46 00 01 01 00 00 ... 46 69 49 cd 00 7f ff d9 [4249 bytes]
2026-04-10 03:37:18.459 [DEBUG] [FRAME►TX] frame sent  mode=ObjectDetection  size=4249B  t=03:37:18
2026-04-10 03:37:18.520 [DEBUG] > BINARY 00 ff d8 ff e0 00 10 4a 46 49 46 00 01 01 00 00 ... a0 1a 33 91 40 1f ff d9 [4207 bytes]
2026-04-10 03:37:18.523 [DEBUG] [FRAME►TX] frame sent  mode=ObjectDetection  size=4207B  t=03:37:18
2026-04-10 03:37:18.525 [DEBUG] < TEXT '{"type": "text", "content": "\'s"}' [33 bytes]
2026-04-10 03:37:18.526 [DEBUG] < TEXT '{"type": "text", "content": " a"}' [33 bytes]
2026-04-10 03:37:18.527 [DEBUG] < TEXT '{"type": "text", "content": " cat"}' [35 bytes]
2026-04-10 03:37:18.528 [DEBUG] < TEXT '{"type": "text", "content": " sitting"}' [39 bytes]
2026-04-10 03:37:18.529 [DEBUG] < TEXT '{"type": "text", "content": " on"}' [34 bytes]
2026-04-10 03:37:18.529 [DEBUG] < TEXT '{"type": "text", "content": " your"}' [36 bytes]
2026-04-10 03:37:18.530 [DEBUG] < TEXT '{"type": "text", "content": " right"}' [37 bytes]
2026-04-10 03:37:18.531 [DEBUG] < TEXT '{"type": "text", "content": ","}' [32 bytes]
2026-04-10 03:37:18.532 [DEBUG] < TEXT '{"type": "text", "content": " its"}' [35 bytes]
2026-04-10 03:37:18.532 [DEBUG] < TEXT '{"type": "text", "content": " dark"}' [36 bytes]
2026-04-10 03:37:18.533 [DEBUG] < TEXT '{"type": "text", "content": " eyes"}' [36 bytes]
2026-04-10 03:37:18.534 [DEBUG] < TEXT '{"type": "text", "content": " blinking"}' [40 bytes]
2026-04-10 03:37:18.535 [DEBUG] < TEXT '{"type": "text", "content": " softly"}' [38 bytes]
2026-04-10 03:37:18.535 [DEBUG] < TEXT '{"type": "text", "content": " in"}' [34 bytes]
2026-04-10 03:37:18.536 [DEBUG] < TEXT '{"type": "text", "content": " the"}' [35 bytes]
2026-04-10 03:37:18.537 [DEBUG] < TEXT '{"type": "text", "content": " dim"}' [35 bytes]
2026-04-10 03:37:18.537 [DEBUG] < TEXT '{"type": "text", "content": " light"}' [37 bytes]
2026-04-10 03:37:18.538 [DEBUG] < TEXT '{"type": "text", "content": "."}' [32 bytes]
2026-04-10 03:37:18.538 [DEBUG] < TEXT '{"type": "status", "content": "done"}' [37 bytes]
2026-04-10 03:37:18.540 [DEBUG] [LLM◄RX] text chunk len=2 ''s'
2026-04-10 03:37:18.574 [DEBUG] > BINARY 00 ff d8 ff e0 00 10 4a 46 49 46 00 01 01 00 00 ... 49 40 34 67 34 01 ff d9 [4199 bytes]
2026-04-10 03:37:18.577 [DEBUG] [FRAME►TX] frame sent  mode=ObjectDetection  size=4199B  t=03:37:18
2026-04-10 03:37:18.579 [DEBUG] [LLM◄RX] text chunk len=2 ' a'
2026-04-10 03:37:18.639 [DEBUG] > BINARY 00 ff d8 ff e0 00 10 4a 46 49 46 00 01 01 00 00 ... 0d 26 69 73 9a 00 ff d9 [4216 bytes]
2026-04-10 03:37:18.642 [DEBUG] [FRAME►TX] frame sent  mode=ObjectDetection  size=4216B  t=03:37:18
2026-04-10 03:37:18.644 [DEBUG] [LLM◄RX] text chunk len=4 ' cat'
2026-04-10 03:37:18.694 [DEBUG] > BINARY 00 ff d8 ff e0 00 10 4a 46 49 46 00 01 01 00 00 ... 1a 4c d2 e7 34 01 ff d9 [4338 bytes]
2026-04-10 03:37:18.698 [DEBUG] [FRAME►TX] frame sent  mode=ObjectDetection  size=4338B  t=03:37:18
2026-04-10 03:37:18.700 [DEBUG] [LLM◄RX] text chunk len=8 ' sitting'
2026-04-10 03:37:18.754 [DEBUG] > BINARY 00 ff d8 ff e0 00 10 4a 46 49 46 00 01 01 00 00 ... 66 97 76 7a d0 07 ff d9 [4308 bytes]
2026-04-10 03:37:18.758 [DEBUG] [FRAME►TX] frame sent  mode=ObjectDetection  size=4308B  t=03:37:18
2026-04-10 03:37:18.760 [DEBUG] [LLM◄RX] text chunk len=3 ' on'
2026-04-10 03:37:18.817 [DEBUG] > BINARY 00 ff d8 ff e0 00 10 4a 46 49 46 00 01 01 00 00 ... 20 34 b9 cd 00 7f ff d9 [4304 bytes]
2026-04-10 03:37:18.820 [DEBUG] [FRAME►TX] frame sent  mode=ObjectDetection  size=4304B  t=03:37:18
2026-04-10 03:37:18.822 [DEBUG] [LLM◄RX] text chunk len=5 ' your'
2026-04-10 03:37:18.880 [DEBUG] > BINARY 00 ff d8 ff e0 00 10 4a 46 49 46 00 01 01 00 00 ... 1a 4c d2 e7 34 01 ff d9 [4286 bytes]
2026-04-10 03:37:18.883 [DEBUG] [FRAME►TX] frame sent  mode=ObjectDetection  size=4286B  t=03:37:18
2026-04-10 03:37:18.884 [DEBUG] [LLM◄RX] text chunk len=6 ' right'
2026-04-10 03:37:18.935 [DEBUG] > BINARY 00 ff d8 ff e0 00 10 4a 46 49 46 00 01 01 00 00 ... 69 33 4b 9c d0 07 ff d9 [4284 bytes]
2026-04-10 03:37:18.939 [DEBUG] [FRAME►TX] frame sent  mode=ObjectDetection  size=4284B  t=03:37:18
2026-04-10 03:37:18.941 [DEBUG] [LLM◄RX] text chunk len=1 ','
2026-04-10 03:37:18.995 [DEBUG] > BINARY 00 ff d8 ff e0 00 10 4a 46 49 46 00 01 01 00 00 ... 99 a5 07 3d 68 03 ff d9 [4320 bytes]
2026-04-10 03:37:18.998 [DEBUG] [FRAME►TX] frame sent  mode=ObjectDetection  size=4320B  t=03:37:18
2026-04-10 03:37:19.000 [DEBUG] [LLM◄RX] text chunk len=4 ' its'
2026-04-10 03:37:19.054 [DEBUG] > BINARY 00 ff d8 ff e0 00 10 4a 46 49 46 00 01 01 00 00 ... 93 34 a0 fa d0 07 ff d9 [4397 bytes]
2026-04-10 03:37:19.058 [DEBUG] [FRAME►TX] frame sent  mode=ObjectDetection  size=4397B  t=03:37:19
2026-04-10 03:37:19.060 [DEBUG] [LLM◄RX] text chunk len=5 ' dark'
2026-04-10 03:37:19.121 [DEBUG] > BINARY 00 ff d8 ff e0 00 10 4a 46 49 46 00 01 01 00 00 ... 66 94 1c f5 a0 0f ff d9 [4401 bytes]
2026-04-10 03:37:19.124 [DEBUG] [FRAME►TX] frame sent  mode=ObjectDetection  size=4401B  t=03:37:19
2026-04-10 03:37:19.126 [DEBUG] [LLM◄RX] text chunk len=5 ' eyes'
2026-04-10 03:37:19.184 [DEBUG] > BINARY 00 ff d8 ff e0 00 10 4a 46 49 46 00 01 01 00 00 ... e6 9b 9a 50 68 03 ff d9 [4403 bytes]
2026-04-10 03:37:19.190 [DEBUG] [FRAME►TX] frame sent  mode=ObjectDetection  size=4403B  t=03:37:19
2026-04-10 03:37:19.192 [DEBUG] [LLM◄RX] text chunk len=9 ' blinking'
2026-04-10 03:37:19.245 [DEBUG] > BINARY 00 ff d8 ff e0 00 10 4a 46 49 46 00 01 01 00 00 ... 9a 6e ea 50 68 03 ff d9 [4398 bytes]
2026-04-10 03:37:19.248 [DEBUG] [FRAME►TX] frame sent  mode=ObjectDetection  size=4398B  t=03:37:19
2026-04-10 03:37:19.249 [DEBUG] [LLM◄RX] text chunk len=7 ' softly'
2026-04-10 03:37:19.302 [DEBUG] > BINARY 00 ff d8 ff e0 00 10 4a 46 49 46 00 01 01 00 00 ... b9 a7 03 cd 00 7f ff d9 [4387 bytes]
2026-04-10 03:37:19.305 [DEBUG] [FRAME►TX] frame sent  mode=ObjectDetection  size=4387B  t=03:37:19
2026-04-10 03:37:19.307 [DEBUG] [LLM◄RX] text chunk len=3 ' in'
2026-04-10 03:37:19.365 [DEBUG] > BINARY 00 ff d8 ff e0 00 10 4a 46 49 46 00 01 01 00 00 ... 49 9a 70 39 a0 0f ff d9 [4385 bytes]
2026-04-10 03:37:19.370 [DEBUG] [FRAME►TX] frame sent  mode=ObjectDetection  size=4385B  t=03:37:19
2026-04-10 03:37:19.371 [DEBUG] [LLM◄RX] text chunk len=4 ' the'
2026-04-10 03:37:19.418 [DEBUG] > BINARY 00 ff d8 ff e0 00 10 4a 46 49 46 00 01 01 00 00 ... 53 77 52 83 40 1f ff d9 [4380 bytes]
2026-04-10 03:37:19.423 [DEBUG] [FRAME►TX] frame sent  mode=ObjectDetection  size=4380B  t=03:37:19
2026-04-10 03:37:19.424 [DEBUG] [LLM◄RX] text chunk len=4 ' dim'
2026-04-10 03:37:19.480 [DEBUG] > BINARY 00 ff d8 ff e0 00 10 4a 46 49 46 00 01 01 00 00 ... a2 9b 9a 50 68 03 ff d9 [4388 bytes]
2026-04-10 03:37:19.483 [DEBUG] [FRAME►TX] frame sent  mode=ObjectDetection  size=4388B  t=03:37:19
2026-04-10 03:37:19.485 [DEBUG] [LLM◄RX] text chunk len=6 ' light'
2026-04-10 03:37:19.544 [DEBUG] > BINARY 00 ff d8 ff e0 00 10 4a 46 49 46 00 01 01 00 00 ... 14 99 a5 07 34 01 ff d9 [4361 bytes]
2026-04-10 03:37:19.549 [DEBUG] [FRAME►TX] frame sent  mode=ObjectDetection  size=4361B  t=03:37:19
2026-04-10 03:37:19.550 [DEBUG] [LLM◄RX] text chunk len=1 '.'
2026-04-10 03:37:19.603 [DEBUG] > BINARY 00 ff d8 ff e0 00 10 4a 46 49 46 00 01 01 00 00 ... a4 a4 cd 28 34 01 ff d9 [4370 bytes]
2026-04-10 03:37:19.606 [DEBUG] [FRAME►TX] frame sent  mode=ObjectDetection  size=4370B  t=03:37:19
2026-04-10 03:37:19.608 [INFO] [LLM◄DONE] Full response received  chars=84  words=16  text='There's a cat sitting on your right, its dark eyes blinking softly in the dim light.'
2026-04-10 03:37:19.609 [INFO] [TTS►QUEUE] Queuing full response for TTS (16 words)
2026-04-10 03:37:19.609 [DEBUG] [SYNC] Queuing SIGNAL_READY and joining queue...
2026-04-10 03:37:19.610 [INFO] [TTS►PIPER] Sending text (16 words, 84 chars): 'There's a cat sitting on your right, its dark eyes blinking softly in the dim li...'
2026-04-10 03:37:19.610 [DEBUG] [TTS►PIPER] Text written to Piper stdin
2026-04-10 03:37:19.611 [DEBUG] [TTS►SYNC] SIGNAL_READY received — waiting for Piper to START producing audio...
2026-04-10 03:37:20.658 [DEBUG] [TTS►PIPE] First audio chunk received — aplay stream started
2026-04-10 03:37:20.658 [DEBUG] [TTS►PIPE] chunk#93 +4096B  total=4096B  ~0.09s audio queued to aplay
2026-04-10 03:37:20.659 [DEBUG] [TTS►PIPE] chunk#94 +4096B  total=8192B  ~0.19s audio queued to aplay
2026-04-10 03:37:20.659 [DEBUG] [TTS►PIPE] chunk#95 +4096B  total=12288B  ~0.28s audio queued to aplay
2026-04-10 03:37:20.659 [DEBUG] [TTS►PIPE] chunk#96 +4096B  total=16384B  ~0.37s audio queued to aplay
2026-04-10 03:37:20.659 [DEBUG] [TTS►PIPE] chunk#97 +4096B  total=20480B  ~0.46s audio queued to aplay
2026-04-10 03:37:20.659 [DEBUG] [TTS►PIPE] chunk#98 +4096B  total=24576B  ~0.56s audio queued to aplay
2026-04-10 03:37:20.660 [DEBUG] [TTS►PIPE] chunk#99 +4096B  total=28672B  ~0.65s audio queued to aplay
2026-04-10 03:37:20.660 [DEBUG] [TTS►PIPE] chunk#100 +4096B  total=32768B  ~0.74s audio queued to aplay
2026-04-10 03:37:20.660 [DEBUG] [TTS►PIPE] chunk#101 +4096B  total=36864B  ~0.84s audio queued to aplay
2026-04-10 03:37:20.660 [DEBUG] [TTS►PIPE] chunk#102 +4096B  total=40960B  ~0.93s audio queued to aplay
2026-04-10 03:37:20.660 [DEBUG] [TTS►PIPE] chunk#103 +4096B  total=45056B  ~1.02s audio queued to aplay
2026-04-10 03:37:20.660 [DEBUG] [TTS►PIPE] chunk#104 +4096B  total=49152B  ~1.11s audio queued to aplay
2026-04-10 03:37:20.661 [DEBUG] [TTS►PIPE] chunk#105 +4096B  total=53248B  ~1.21s audio queued to aplay
2026-04-10 03:37:20.661 [DEBUG] [TTS►PIPE] chunk#106 +4096B  total=57344B  ~1.30s audio queued to aplay
2026-04-10 03:37:20.661 [DEBUG] [TTS►PIPE] chunk#107 +4096B  total=61440B  ~1.39s audio queued to aplay
2026-04-10 03:37:20.661 [DEBUG] [TTS►PIPE] chunk#108 +4096B  total=65536B  ~1.49s audio queued to aplay
2026-04-10 03:37:20.661 [DEBUG] [TTS►PIPE] chunk#109 +4096B  total=69632B  ~1.58s audio queued to aplay
2026-04-10 03:37:20.662 [DEBUG] [TTS►PIPE] chunk#110 +4096B  total=73728B  ~1.67s audio queued to aplay
2026-04-10 03:37:20.662 [DEBUG] [TTS►PIPE] chunk#111 +4096B  total=77824B  ~1.76s audio queued to aplay
2026-04-10 03:37:20.662 [DEBUG] [TTS►PIPE] chunk#112 +4096B  total=81920B  ~1.86s audio queued to aplay
2026-04-10 03:37:20.662 [DEBUG] [TTS►PIPE] chunk#113 +4096B  total=86016B  ~1.95s audio queued to aplay
2026-04-10 03:37:20.662 [DEBUG] [TTS►PIPE] chunk#114 +4096B  total=90112B  ~2.04s audio queued to aplay
2026-04-10 03:37:20.662 [DEBUG] [TTS►PIPE] chunk#115 +4096B  total=94208B  ~2.14s audio queued to aplay
2026-04-10 03:37:20.663 [DEBUG] [TTS►PIPE] chunk#116 +4096B  total=98304B  ~2.23s audio queued to aplay
2026-04-10 03:37:20.663 [DEBUG] [TTS►PIPE] chunk#117 +4096B  total=102400B  ~2.32s audio queued to aplay
2026-04-10 03:37:20.663 [DEBUG] [TTS►PIPE] chunk#118 +4096B  total=106496B  ~2.41s audio queued to aplay
2026-04-10 03:37:20.663 [DEBUG] [TTS►PIPE] chunk#119 +4096B  total=110592B  ~2.51s audio queued to aplay
2026-04-10 03:37:20.663 [DEBUG] [TTS►PIPE] chunk#120 +4096B  total=114688B  ~2.60s audio queued to aplay
2026-04-10 03:37:20.663 [DEBUG] [TTS►PIPE] chunk#121 +4096B  total=118784B  ~2.69s audio queued to aplay
2026-04-10 03:37:20.663 [DEBUG] [TTS►PIPE] chunk#122 +4096B  total=122880B  ~2.79s audio queued to aplay
2026-04-10 03:37:20.664 [DEBUG] [TTS►PIPE] chunk#123 +4096B  total=126976B  ~2.88s audio queued to aplay
2026-04-10 03:37:20.664 [DEBUG] [TTS►PIPE] chunk#124 +4096B  total=131072B  ~2.97s audio queued to aplay
2026-04-10 03:37:20.664 [DEBUG] [TTS►PIPE] chunk#125 +4096B  total=135168B  ~3.07s audio queued to aplay
2026-04-10 03:37:20.665 [DEBUG] [TTS►PIPE] chunk#126 +4096B  total=139264B  ~3.16s audio queued to aplay
2026-04-10 03:37:20.665 [DEBUG] [TTS►PIPE] chunk#127 +4096B  total=143360B  ~3.25s audio queued to aplay
2026-04-10 03:37:20.665 [DEBUG] [TTS►PIPE] chunk#128 +4096B  total=147456B  ~3.34s audio queued to aplay
2026-04-10 03:37:20.666 [DEBUG] [TTS►PIPE] chunk#129 +4096B  total=151552B  ~3.44s audio queued to aplay
2026-04-10 03:37:20.666 [DEBUG] [TTS►PIPE] chunk#130 +4096B  total=155648B  ~3.53s audio queued to aplay
2026-04-10 03:37:20.666 [DEBUG] [TTS►PIPE] chunk#131 +4096B  total=159744B  ~3.62s audio queued to aplay
2026-04-10 03:37:20.667 [DEBUG] [TTS►PIPE] chunk#132 +4096B  total=163840B  ~3.72s audio queued to aplay
2026-04-10 03:37:20.667 [DEBUG] [TTS►PIPE] chunk#133 +4096B  total=167936B  ~3.81s audio queued to aplay
2026-04-10 03:37:20.667 [DEBUG] [TTS►PIPE] chunk#134 +4096B  total=172032B  ~3.90s audio queued to aplay
2026-04-10 03:37:20.667 [DEBUG] [TTS►PIPE] chunk#135 +4096B  total=176128B  ~3.99s audio queued to aplay
2026-04-10 03:37:20.667 [DEBUG] [TTS►PIPE] chunk#136 +4096B  total=180224B  ~4.09s audio queued to aplay
2026-04-10 03:37:20.668 [DEBUG] [TTS►PIPE] chunk#137 +4096B  total=184320B  ~4.18s audio queued to aplay
2026-04-10 03:37:20.668 [DEBUG] [TTS►PIPE] chunk#138 +4096B  total=188416B  ~4.27s audio queued to aplay
2026-04-10 03:37:20.669 [DEBUG] [TTS►PIPE] chunk#139 +4096B  total=192512B  ~4.37s audio queued to aplay
2026-04-10 03:37:20.670 [DEBUG] [TTS►PIPE] chunk#140 +4096B  total=196608B  ~4.46s audio queued to aplay
2026-04-10 03:37:20.670 [DEBUG] [TTS►PIPE] chunk#141 +4096B  total=200704B  ~4.55s audio queued to aplay
2026-04-10 03:37:20.671 [DEBUG] [TTS►PIPE] chunk#142 +4096B  total=204800B  ~4.64s audio queued to aplay
2026-04-10 03:37:20.674 [DEBUG] [TTS►PIPE] chunk#143 +4096B  total=208896B  ~4.74s audio queued to aplay
2026-04-10 03:37:20.675 [DEBUG] [TTS►PIPE] chunk#144 +2048B  total=210944B  ~4.78s audio queued to aplay
2026-04-10 03:37:20.676 [DEBUG] [TTS►SYNC] Piper started — initial bytes: 210944B (waited 1.06s)
2026-04-10 03:37:20.978 [DEBUG] [TTS►SYNC] Piper settled — total audio piped: 210944B (~4.78s)
2026-04-10 03:37:20.979 [INFO] [TTS►SYNC] Waiting 4.61s for speaker to finish  (bytes=210944  duration=4.78s)
2026-04-10 03:37:25.595 [INFO] [TTS►SYNC] Speaker finished. Resetting counters.
2026-04-10 03:37:25.596 [INFO] [SYNC] TTS complete  total_speech_time=5.99s
2026-04-10 03:37:25.597 [DEBUG] > TEXT '{"type": "ready"}' [17 bytes]
2026-04-10 03:37:25.598 [INFO] [READY►TX] Sent READY to server
2026-04-10 03:37:25.602 [DEBUG] > BINARY 00 ff d8 ff e0 00 10 4a 46 49 46 00 01 01 00 00 ... 29 33 4a 0d 00 7f ff d9 [4395 bytes]
2026-04-10 03:37:25.604 [DEBUG] [FRAME►TX] frame sent  mode=ObjectDetection  size=4395B  t=03:37:25
2026-04-10 03:37:25.608 [DEBUG] > BINARY 00 ff d8 ff e0 00 10 4a 46 49 46 00 01 01 00 00 ... 29 33 4a 0d 00 7f ff d9 [4408 bytes]
2026-04-10 03:37:25.610 [DEBUG] [FRAME►TX] frame sent  mode=ObjectDetection  size=4408B  t=03:37:25
2026-04-10 03:37:25.615 [DEBUG] > BINARY 00 ff d8 ff e0 00 10 4a 46 49 46 00 01 01 00 00 ... 73 e9 4e 06 80 3f ff d9 [4397 bytes]
2026-04-10 03:37:25.617 [DEBUG] [FRAME►TX] frame sent  mode=ObjectDetection  size=4397B  t=03:37:25
2026-04-10 03:37:25.621 [DEBUG] > BINARY 00 ff d8 ff e0 00 10 4a 46 49 46 00 01 01 00 00 ... 94 dc d3 81 a0 0f ff d9 [4385 bytes]
2026-04-10 03:37:25.622 [DEBUG] [FRAME►TX] frame sent  mode=ObjectDetection  size=4385B  t=03:37:25
2026-04-10 03:37:25.684 [DEBUG] > BINARY 00 ff d8 ff e0 00 10 4a 46 49 46 00 01 01 00 00 ... 79 eb 56 a3 7a 00 ff d9 [5407 bytes]
2026-04-10 03:37:25.689 [DEBUG] [FRAME►TX] frame sent  mode=ObjectDetection  size=5407B  t=03:37:25
2026-04-10 03:37:25.691 [DEBUG] < TEXT '{"type": "heartbeat"}' [21 bytes]
2026-04-10 03:37:25.692 [DEBUG] [HB◄RX] Heartbeat from server
2026-04-10 03:37:25.744 [DEBUG] > BINARY 00 ff d8 ff e0 00 10 4a 46 49 46 00 01 01 00 00 ... b5 6a 37 cd 00 7f ff d9 [5375 bytes]
2026-04-10 03:37:25.746 [DEBUG] [FRAME►TX] frame sent  mode=ObjectDetection  size=5375B  t=03:37:25
2026-04-10 03:37:25.804 [DEBUG] > BINARY 00 ff d8 ff e0 00 10 4a 46 49 46 00 01 01 00 00 ... 35 6a 37 ed 40 1f ff d9 [5387 bytes]
2026-04-10 03:37:25.808 [DEBUG] [FRAME►TX] frame sent  mode=ObjectDetection  size=5387B  t=03:37:25
2026-04-10 03:37:25.863 [DEBUG] > BINARY 00 ff d8 ff e0 00 10 4a 46 49 46 00 01 01 00 00 ... b5 6a 39 33 40 1f ff d9 [5385 bytes]
2026-04-10 03:37:25.868 [DEBUG] [FRAME►TX] frame sent  mode=ObjectDetection  size=5385B  t=03:37:25
2026-04-10 03:37:25.869 [DEBUG] < TEXT '{"type": "heartbeat"}' [21 bytes]
2026-04-10 03:37:25.870 [DEBUG] [HB◄RX] Heartbeat from server
2026-04-10 03:37:25.924 [DEBUG] > BINARY 00 ff d8 ff e0 00 10 4a 46 49 46 00 01 01 00 00 ... 79 ab 51 c9 9a 00 ff d9 [5336 bytes]
2026-04-10 03:37:25.928 [DEBUG] [FRAME►TX] frame sent  mode=ObjectDetection  size=5336B  t=03:37:25
2026-04-10 03:37:25.930 [DEBUG] < TEXT '{"type": "heartbeat"}' [21 bytes]
2026-04-10 03:37:25.931 [DEBUG] [HB◄RX] Heartbeat from server
2026-04-10 03:37:25.984 [DEBUG] > BINARY 00 ff d8 ff e0 00 10 4a 46 49 46 00 01 01 00 00 ... dc d5 98 e4 a0 0f ff d9 [5344 bytes]
2026-04-10 03:37:25.988 [DEBUG] [FRAME►TX] frame sent  mode=ObjectDetection  size=5344B  t=03:37:25
2026-04-10 03:37:25.990 [DEBUG] < TEXT '{"type": "heartbeat"}' [21 bytes]
2026-04-10 03:37:25.991 [DEBUG] > PING ac fb ae 50 [binary, 4 bytes]
2026-04-10 03:37:25.992 [DEBUG] % sent keepalive ping
2026-04-10 03:37:25.993 [DEBUG] [HB◄RX] Heartbeat from server
2026-04-10 03:37:26.044 [DEBUG] > BINARY 00 ff d8 ff e0 00 10 4a 46 49 46 00 01 01 00 00 ... 56 63 93 a5 02 3f ff d9 [5278 bytes]
2026-04-10 03:37:26.048 [DEBUG] [FRAME►TX] frame sent  mode=ObjectDetection  size=5278B  t=03:37:26
2026-04-10 03:37:26.104 [DEBUG] > BINARY 00 ff d8 ff e0 00 10 4a 46 49 46 00 01 01 00 00 ... 9a b3 1c 99 a0 0f ff d9 [5317 bytes]
2026-04-10 03:37:26.106 [DEBUG] [FRAME►TX] frame sent  mode=ObjectDetection  size=5317B  t=03:37:26
2026-04-10 03:37:26.107 [DEBUG] < TEXT '{"type": "heartbeat"}' [21 bytes]
2026-04-10 03:37:26.108 [DEBUG] [HB◄RX] Heartbeat from server
2026-04-10 03:37:26.162 [DEBUG] > BINARY 00 ff d8 ff e0 00 10 4a 46 49 46 00 01 01 00 00 ... bc d5 98 e4 a0 0f ff d9 [5315 bytes]
2026-04-10 03:37:26.165 [DEBUG] [FRAME►TX] frame sent  mode=ObjectDetection  size=5315B  t=03:37:26
2026-04-10 03:37:26.166 [DEBUG] < PONG ac fb ae 50 [binary, 4 bytes]
2026-04-10 03:37:26.167 [DEBUG] % received keepalive pong
2026-04-10 03:37:26.223 [DEBUG] > BINARY 00 ff d8 ff e0 00 10 4a 46 49 46 00 01 01 00 00 ... 6a cc 72 74 a0 0f ff d9 [5364 bytes]
2026-04-10 03:37:26.226 [DEBUG] [FRAME►TX] frame sent  mode=ObjectDetection  size=5364B  t=03:37:26
2026-04-10 03:37:26.227 [DEBUG] < TEXT '{"type": "heartbeat"}' [21 bytes]
2026-04-10 03:37:26.227 [DEBUG] < TEXT '{"type": "heartbeat"}' [21 bytes]
2026-04-10 03:37:26.228 [DEBUG] [HB◄RX] Heartbeat from server
2026-04-10 03:37:26.284 [DEBUG] > BINARY 00 ff d8 ff e0 00 10 4a 46 49 46 00 01 01 00 00 ... dc d5 88 e4 a0 0f ff d9 [5280 bytes]
2026-04-10 03:37:26.286 [DEBUG] [FRAME►TX] frame sent  mode=ObjectDetection  size=5280B  t=03:37:26
2026-04-10 03:37:26.287 [DEBUG] < TEXT '{"type": "heartbeat"}' [21 bytes]
2026-04-10 03:37:26.287 [DEBUG] [HB◄RX] Heartbeat from server
2026-04-10 03:37:26.344 [DEBUG] > BINARY 00 ff d8 ff e0 00 10 4a 46 49 46 00 01 01 00 00 ... ac 47 26 71 40 1f ff d9 [5279 bytes]
2026-04-10 03:37:26.348 [DEBUG] [FRAME►TX] frame sent  mode=ObjectDetection  size=5279B  t=03:37:26
2026-04-10 03:37:26.350 [DEBUG] < TEXT '{"type": "heartbeat"}' [21 bytes]
2026-04-10 03:37:26.351 [DEBUG] [HB◄RX] Heartbeat from server
2026-04-10 03:37:26.407 [DEBUG] > BINARY 00 ff d8 ff e0 00 10 4a 46 49 46 00 01 01 00 00 ... 56 63 93 a5 02 3f ff d9 [5197 bytes]
2026-04-10 03:37:26.412 [DEBUG] [FRAME►TX] frame sent  mode=ObjectDetection  size=5197B  t=03:37:26
2026-04-10 03:37:26.415 [DEBUG] < PING 65 00 3f 84 [binary, 4 bytes]
2026-04-10 03:37:26.415 [DEBUG] > PONG 65 00 3f 84 [binary, 4 bytes]
2026-04-10 03:37:26.416 [DEBUG] < TEXT '{"type": "heartbeat"}' [21 bytes]
2026-04-10 03:37:26.416 [DEBUG] [HB◄RX] Heartbeat from server
2026-04-10 03:37:26.468 [DEBUG] > BINARY 00 ff d8 ff e0 00 10 4a 46 49 46 00 01 01 00 00 ... 6a cc 72 66 80 3f ff d9 [5240 bytes]
2026-04-10 03:37:26.472 [DEBUG] [FRAME►TX] frame sent  mode=ObjectDetection  size=5240B  t=03:37:26
2026-04-10 03:37:26.475 [DEBUG] < TEXT '{"type": "heartbeat"}' [21 bytes]
2026-04-10 03:37:26.476 [DEBUG] [HB◄RX] Heartbeat from server
2026-04-10 03:37:26.526 [DEBUG] > BINARY 00 ff d8 ff e0 00 10 4a 46 49 46 00 01 01 00 00 ... 59 8e 4c e2 80 3f ff d9 [5259 bytes]
2026-04-10 03:37:26.528 [DEBUG] [FRAME►TX] frame sent  mode=ObjectDetection  size=5259B  t=03:37:26
2026-04-10 03:37:26.529 [DEBUG] < TEXT '{"type": "heartbeat"}' [21 bytes]
2026-04-10 03:37:26.530 [DEBUG] [HB◄RX] Heartbeat from server
2026-04-10 03:37:26.588 [DEBUG] > BINARY 00 ff d8 ff e0 00 10 4a 46 49 46 00 01 01 00 00 ... b3 1c 9d 28 b0 1f ff d9 [5265 bytes]
2026-04-10 03:37:26.592 [DEBUG] [FRAME►TX] frame sent  mode=ObjectDetection  size=5265B  t=03:37:26
2026-04-10 03:37:26.594 [DEBUG] < TEXT '{"type": "heartbeat"}' [21 bytes]
2026-04-10 03:37:26.595 [DEBUG] [HB◄RX] Heartbeat from server
2026-04-10 03:37:26.650 [DEBUG] > BINARY 00 ff d8 ff e0 00 10 4a 46 49 46 00 01 01 00 00 ... 6a cc 72 74 a0 0f ff d9 [5260 bytes]
2026-04-10 03:37:26.654 [DEBUG] [FRAME►TX] frame sent  mode=ObjectDetection  size=5260B  t=03:37:26
2026-04-10 03:37:26.656 [DEBUG] < TEXT '{"type": "heartbeat"}' [21 bytes]
2026-04-10 03:37:26.657 [DEBUG] [HB◄RX] Heartbeat from server
2026-04-10 03:37:26.709 [DEBUG] > BINARY 00 ff d8 ff e0 00 10 4a 46 49 46 00 01 01 00 00 ... 6a cc 72 66 80 3f ff d9 [5274 bytes]
2026-04-10 03:37:26.714 [DEBUG] [FRAME►TX] frame sent  mode=ObjectDetection  size=5274B  t=03:37:26
2026-04-10 03:37:26.716 [DEBUG] < TEXT '{"type": "heartbeat"}' [21 bytes]
2026-04-10 03:37:26.717 [DEBUG] [HB◄RX] Heartbeat from server
2026-04-10 03:37:26.771 [DEBUG] > BINARY 00 ff d8 ff e0 00 10 4a 46 49 46 00 01 01 00 00 ... 97 9a b3 1c 94 01 ff d9 [5254 bytes]
2026-04-10 03:37:26.776 [DEBUG] [FRAME►TX] frame sent  mode=ObjectDetection  size=5254B  t=03:37:26
2026-04-10 03:37:26.777 [DEBUG] < TEXT '{"type": "heartbeat"}' [21 bytes]
2026-04-10 03:37:26.778 [DEBUG] [HB◄RX] Heartbeat from server
2026-04-10 03:37:26.830 [DEBUG] > BINARY 00 ff d8 ff e0 00 10 4a 46 49 46 00 01 01 00 00 ... d5 98 e4 ce 28 11 ff d9 [5267 bytes]
2026-04-10 03:37:26.835 [DEBUG] [FRAME►TX] frame sent  mode=ObjectDetection  size=5267B  t=03:37:26
2026-04-10 03:37:26.838 [DEBUG] < TEXT '{"type": "heartbeat"}' [21 bytes]
2026-04-10 03:37:26.839 [DEBUG] [HB◄RX] Heartbeat from server
2026-04-10 03:37:26.894 [DEBUG] > BINARY 00 ff d8 ff e0 00 10 4a 46 49 46 00 01 01 00 00 ... 73 56 63 92 81 1f ff d9 [5264 bytes]
2026-04-10 03:37:26.898 [DEBUG] [FRAME►TX] frame sent  mode=ObjectDetection  size=5264B  t=03:37:26
2026-04-10 03:37:26.899 [DEBUG] < TEXT '{"type": "heartbeat"}' [21 bytes]
2026-04-10 03:37:26.900 [DEBUG] [HB◄RX] Heartbeat from server
2026-04-10 03:37:26.951 [DEBUG] > BINARY 00 ff d8 ff e0 00 10 4a 46 49 46 00 01 01 00 00 ... 9a b3 1c 99 a0 0f ff d9 [5274 bytes]
2026-04-10 03:37:26.955 [DEBUG] [FRAME►TX] frame sent  mode=ObjectDetection  size=5274B  t=03:37:26
2026-04-10 03:37:26.957 [DEBUG] [HB◄RX] Heartbeat from server
2026-04-10 03:37:27.007 [DEBUG] > BINARY 00 ff d8 ff e0 00 10 4a 46 49 46 00 01 01 00 00 ... 6e 6a cc 72 50 07 ff d9 [5291 bytes]
2026-04-10 03:37:27.011 [DEBUG] [FRAME►TX] frame sent  mode=ObjectDetection  size=5291B  t=03:37:27
2026-04-10 03:37:27.013 [DEBUG] < TEXT '{"type": "heartbeat"}' [21 bytes]
2026-04-10 03:37:27.015 [DEBUG] [HB◄RX] Heartbeat from server
2026-04-10 03:37:27.074 [DEBUG] > BINARY 00 ff d8 ff e0 00 10 4a 46 49 46 00 01 01 00 00 ... 59 8e 4c e2 80 3f ff d9 [5262 bytes]
2026-04-10 03:37:27.078 [DEBUG] [FRAME►TX] frame sent  mode=ObjectDetection  size=5262B  t=03:37:27
2026-04-10 03:37:27.079 [DEBUG] < TEXT '{"type": "heartbeat"}' [21 bytes]
2026-04-10 03:37:27.080 [DEBUG] [HB◄RX] Heartbeat from server
2026-04-10 03:37:27.130 [DEBUG] > BINARY 00 ff d8 ff e0 00 10 4a 46 49 46 00 01 01 00 00 ... d5 98 e4 ce 28 03 ff d9 [5257 bytes]
2026-04-10 03:37:27.135 [DEBUG] [FRAME►TX] frame sent  mode=ObjectDetection  size=5257B  t=03:37:27
2026-04-10 03:37:27.137 [DEBUG] < TEXT '{"type": "heartbeat"}' [21 bytes]
2026-04-10 03:37:27.138 [DEBUG] [HB◄RX] Heartbeat from server
2026-04-10 03:37:27.187 [DEBUG] > BINARY 00 ff d8 ff e0 00 10 4a 46 49 46 00 01 01 00 00 ... e6 ac c7 26 68 03 ff d9 [5255 bytes]
2026-04-10 03:37:27.190 [DEBUG] [FRAME►TX] frame sent  mode=ObjectDetection  size=5255B  t=03:37:27
2026-04-10 03:37:27.192 [DEBUG] < TEXT '{"type": "heartbeat"}' [21 bytes]
2026-04-10 03:37:27.193 [DEBUG] [HB◄RX] Heartbeat from server
2026-04-10 03:37:27.249 [DEBUG] > BINARY 00 ff d8 ff e0 00 10 4a 46 49 46 00 01 01 00 00 ... 56 63 93 38 a0 0f ff d9 [5261 bytes]
2026-04-10 03:37:27.253 [DEBUG] [FRAME►TX] frame sent  mode=ObjectDetection  size=5261B  t=03:37:27
2026-04-10 03:37:27.255 [DEBUG] < TEXT '{"type": "heartbeat"}' [21 bytes]
2026-04-10 03:37:27.256 [DEBUG] [HB◄RX] Heartbeat from server
2026-04-10 03:37:27.318 [DEBUG] > BINARY 00 ff d8 ff e0 00 10 4a 46 49 46 00 01 01 00 00 ... 9a b3 1c 9d 28 03 ff d9 [5265 bytes]
2026-04-10 03:37:27.322 [DEBUG] [FRAME►TX] frame sent  mode=ObjectDetection  size=5265B  t=03:37:27
2026-04-10 03:37:27.324 [DEBUG] < TEXT '{"type": "heartbeat"}' [21 bytes]
2026-04-10 03:37:27.324 [DEBUG] < TEXT '{"type": "heartbeat"}' [21 bytes]
2026-04-10 03:37:27.326 [DEBUG] [HB◄RX] Heartbeat from server
2026-04-10 03:37:27.375 [DEBUG] > BINARY 00 ff d8 ff e0 00 10 4a 46 49 46 00 01 01 00 00 ... 6a cc 72 67 14 08 ff d9 [5284 bytes]
2026-04-10 03:37:27.379 [DEBUG] [FRAME►TX] frame sent  mode=ObjectDetection  size=5284B  t=03:37:27
2026-04-10 03:37:27.381 [DEBUG] < TEXT '{"type": "heartbeat"}' [21 bytes]
2026-04-10 03:37:27.383 [DEBUG] [HB◄RX] Heartbeat from server
2026-04-10 03:37:27.440 [DEBUG] > BINARY 00 ff d8 ff e0 00 10 4a 46 49 46 00 01 01 00 00 ... 9a b3 1c 9d 28 11 ff d9 [5312 bytes]
2026-04-10 03:37:27.443 [DEBUG] [FRAME►TX] frame sent  mode=ObjectDetection  size=5312B  t=03:37:27
2026-04-10 03:37:27.445 [DEBUG] < TEXT '{"type": "heartbeat"}' [21 bytes]
2026-04-10 03:37:27.446 [DEBUG] [HB◄RX] Heartbeat from server
2026-04-10 03:37:27.494 [DEBUG] > BINARY 00 ff d8 ff e0 00 10 4a 46 49 46 00 01 01 00 00 ... 59 8e 4c e2 80 3f ff d9 [5322 bytes]
2026-04-10 03:37:27.498 [DEBUG] [FRAME►TX] frame sent  mode=ObjectDetection  size=5322B  t=03:37:27
2026-04-10 03:37:27.500 [DEBUG] < TEXT '{"type": "heartbeat"}' [21 bytes]
2026-04-10 03:37:27.501 [DEBUG] [HB◄RX] Heartbeat from server
2026-04-10 03:37:27.558 [DEBUG] > BINARY 00 ff d8 ff e0 00 10 4a 46 49 46 00 01 01 00 00 ... 73 56 63 93 34 01 ff d9 [5343 bytes]
2026-04-10 03:37:27.562 [DEBUG] [FRAME►TX] frame sent  mode=ObjectDetection  size=5343B  t=03:37:27
2026-04-10 03:37:27.563 [DEBUG] < TEXT '{"type": "heartbeat"}' [21 bytes]
2026-04-10 03:37:27.564 [DEBUG] [HB◄RX] Heartbeat from server
2026-04-10 03:37:27.615 [DEBUG] > BINARY 00 ff d8 ff e0 00 10 4a 46 49 46 00 01 01 00 00 ... d5 98 e4 ce 28 11 ff d9 [5312 bytes]
2026-04-10 03:37:27.619 [DEBUG] [FRAME►TX] frame sent  mode=ObjectDetection  size=5312B  t=03:37:27
2026-04-10 03:37:27.621 [DEBUG] < TEXT '{"type": "heartbeat"}' [21 bytes]
2026-04-10 03:37:27.622 [DEBUG] [HB◄RX] Heartbeat from server
2026-04-10 03:37:27.676 [DEBUG] > BINARY 00 ff d8 ff e0 00 10 4a 46 49 46 00 01 01 00 00 ... 0d 58 8e 4c d0 23 ff d9 [5312 bytes]
2026-04-10 03:37:27.680 [DEBUG] [FRAME►TX] frame sent  mode=ObjectDetection  size=5312B  t=03:37:27
2026-04-10 03:37:27.682 [DEBUG] < TEXT '{"type": "heartbeat"}' [21 bytes]
2026-04-10 03:37:27.683 [DEBUG] [HB◄RX] Heartbeat from server
2026-04-10 03:37:27.735 [DEBUG] > BINARY 00 ff d8 ff e0 00 10 4a 46 49 46 00 01 01 00 00 ... ab 11 c9 9c 52 03 ff d9 [5302 bytes]
2026-04-10 03:37:27.741 [DEBUG] [FRAME►TX] frame sent  mode=ObjectDetection  size=5302B  t=03:37:27
2026-04-10 03:37:27.742 [DEBUG] < TEXT '{"type": "heartbeat"}' [21 bytes]
2026-04-10 03:37:27.743 [DEBUG] [HB◄RX] Heartbeat from server
2026-04-10 03:37:27.791 [DEBUG] > BINARY 00 ff d8 ff e0 00 10 4a 46 49 46 00 01 01 00 00 ... 56 23 93 81 40 8f ff d9 [5281 bytes]
2026-04-10 03:37:27.795 [DEBUG] [FRAME►TX] frame sent  mode=ObjectDetection  size=5281B  t=03:37:27
2026-04-10 03:37:27.797 [DEBUG] < TEXT '{"type": "heartbeat"}' [21 bytes]
2026-04-10 03:37:27.798 [DEBUG] [HB◄RX] Heartbeat from server
2026-04-10 03:37:27.855 [DEBUG] > BINARY 00 ff d8 ff e0 00 10 4a 46 49 46 00 01 01 00 00 ... 6e b5 62 39 28 11 ff d9 [5288 bytes]
2026-04-10 03:37:27.858 [DEBUG] [FRAME►TX] frame sent  mode=ObjectDetection  size=5288B  t=03:37:27
2026-04-10 03:37:27.860 [DEBUG] < TEXT '{"type": "heartbeat"}' [21 bytes]
2026-04-10 03:37:27.861 [DEBUG] [HB◄RX] Heartbeat from server
2026-04-10 03:37:27.920 [DEBUG] > BINARY 00 ff d8 ff e0 00 10 4a 46 49 46 00 01 01 00 00 ... 35 62 39 33 40 1f ff d9 [5292 bytes]
2026-04-10 03:37:27.923 [DEBUG] [FRAME►TX] frame sent  mode=ObjectDetection  size=5292B  t=03:37:27
2026-04-10 03:37:27.924 [DEBUG] < TEXT '{"type": "heartbeat"}' [21 bytes]
2026-04-10 03:37:27.925 [DEBUG] [HB◄RX] Heartbeat from server
2026-04-10 03:37:27.975 [DEBUG] > BINARY 00 ff d8 ff e0 00 10 4a 46 49 46 00 01 01 00 00 ... b5 62 39 3a 50 07 ff d9 [5288 bytes]
2026-04-10 03:37:27.979 [DEBUG] [FRAME►TX] frame sent  mode=ObjectDetection  size=5288B  t=03:37:27
2026-04-10 03:37:27.981 [DEBUG] < TEXT '{"type": "heartbeat"}' [21 bytes]
2026-04-10 03:37:27.983 [DEBUG] [HB◄RX] Heartbeat from server
2026-04-10 03:37:28.036 [DEBUG] > BINARY 00 ff d8 ff e0 00 10 4a 46 49 46 00 01 01 00 00 ... 6a c4 72 67 14 01 ff d9 [5286 bytes]
2026-04-10 03:37:28.039 [DEBUG] [FRAME►TX] frame sent  mode=ObjectDetection  size=5286B  t=03:37:28
2026-04-10 03:37:28.041 [DEBUG] < TEXT '{"type": "heartbeat"}' [21 bytes]
2026-04-10 03:37:28.042 [DEBUG] [HB◄RX] Heartbeat from server
2026-04-10 03:37:28.095 [DEBUG] > BINARY 00 ff d8 ff e0 00 10 4a 46 49 46 00 01 01 00 00 ... 56 63 93 a5 00 7f ff d9 [5296 bytes]
2026-04-10 03:37:28.100 [DEBUG] [FRAME►TX] frame sent  mode=ObjectDetection  size=5296B  t=03:37:28
2026-04-10 03:37:28.102 [DEBUG] < TEXT '{"type": "heartbeat"}' [21 bytes]
2026-04-10 03:37:28.103 [DEBUG] [HB◄RX] Heartbeat from server
2026-04-10 03:37:28.153 [DEBUG] > BINARY 00 ff d8 ff e0 00 10 4a 46 49 46 00 01 01 00 00 ... 73 56 23 93 34 08 ff d9 [5291 bytes]
2026-04-10 03:37:28.157 [DEBUG] [FRAME►TX] frame sent  mode=ObjectDetection  size=5291B  t=03:37:28
2026-04-10 03:37:28.159 [DEBUG] < TEXT '{"type": "heartbeat"}' [21 bytes]
2026-04-10 03:37:28.160 [DEBUG] [HB◄RX] Heartbeat from server
2026-04-10 03:37:28.215 [DEBUG] > BINARY 00 ff d8 ff e0 00 10 4a 46 49 46 00 01 01 00 00 ... 79 ab 31 c9 9a 00 ff d9 [5343 bytes]
2026-04-10 03:37:28.220 [DEBUG] [FRAME►TX] frame sent  mode=ObjectDetection  size=5343B  t=03:37:28
2026-04-10 03:37:28.222 [DEBUG] < TEXT '{"type": "heartbeat"}' [21 bytes]
2026-04-10 03:37:28.223 [DEBUG] [HB◄RX] Heartbeat from server
2026-04-10 03:37:28.277 [DEBUG] > BINARY 00 ff d8 ff e0 00 10 4a 46 49 46 00 01 01 00 00 ... ab 31 c9 d2 80 3f ff d9 [5265 bytes]
2026-04-10 03:37:28.280 [DEBUG] [FRAME►TX] frame sent  mode=ObjectDetection  size=5265B  t=03:37:28
2026-04-10 03:37:28.282 [DEBUG] < TEXT '{"type": "heartbeat"}' [21 bytes]
2026-04-10 03:37:28.283 [DEBUG] < TEXT '{"type": "heartbeat"}' [21 bytes]
2026-04-10 03:37:28.284 [DEBUG] [HB◄RX] Heartbeat from server
2026-04-10 03:37:28.335 [DEBUG] > BINARY 00 ff d8 ff e0 00 10 4a 46 49 46 00 01 01 00 00 ... b9 ab 31 c9 9a 00 ff d9 [5183 bytes]
2026-04-10 03:37:28.339 [DEBUG] [FRAME►TX] frame sent  mode=ObjectDetection  size=5183B  t=03:37:28
2026-04-10 03:37:28.340 [DEBUG] [HB◄RX] Heartbeat from server
2026-04-10 03:37:28.400 [DEBUG] > BINARY 00 ff d8 ff e0 00 10 4a 46 49 46 00 01 01 00 00 ... e6 ac c7 26 69 08 ff d9 [5171 bytes]
2026-04-10 03:37:28.404 [DEBUG] [FRAME►TX] frame sent  mode=ObjectDetection  size=5171B  t=03:37:28
2026-04-10 03:37:28.406 [DEBUG] < TEXT '{"type": "heartbeat"}' [21 bytes]
2026-04-10 03:37:28.407 [DEBUG] [HB◄RX] Heartbeat from server
2026-04-10 03:37:28.463 [DEBUG] > BINARY 00 ff d8 ff e0 00 10 4a 46 49 46 00 01 01 00 00 ... f3 56 63 93 34 01 ff d9 [5195 bytes]
2026-04-10 03:37:28.466 [DEBUG] [FRAME►TX] frame sent  mode=ObjectDetection  size=5195B  t=03:37:28
2026-04-10 03:37:28.468 [DEBUG] < TEXT '{"type": "heartbeat"}' [21 bytes]
2026-04-10 03:37:28.469 [DEBUG] [HB◄RX] Heartbeat from server
2026-04-10 03:37:28.519 [DEBUG] > BINARY 00 ff d8 ff e0 00 10 4a 46 49 46 00 01 01 00 00 ... e6 ac c7 25 02 3f ff d9 [4958 bytes]
2026-04-10 03:37:28.523 [DEBUG] [FRAME►TX] frame sent  mode=ObjectDetection  size=4958B  t=03:37:28
2026-04-10 03:37:28.525 [DEBUG] < TEXT '{"type": "heartbeat"}' [21 bytes]
2026-04-10 03:37:28.527 [DEBUG] [HB◄RX] Heartbeat from server
2026-04-10 03:37:28.579 [DEBUG] > BINARY 00 ff d8 ff e0 00 10 4a 46 49 46 00 01 01 00 00 ... d5 98 e4 cd 00 7f ff d9 [5002 bytes]
2026-04-10 03:37:28.584 [DEBUG] [FRAME►TX] frame sent  mode=ObjectDetection  size=5002B  t=03:37:28
2026-04-10 03:37:28.585 [DEBUG] < TEXT '{"type": "heartbeat"}' [21 bytes]
2026-04-10 03:37:28.586 [DEBUG] [HB◄RX] Heartbeat from server
2026-04-10 03:37:28.647 [DEBUG] > BINARY 00 ff d8 ff e0 00 10 4a 46 49 46 00 01 01 00 00 ... 97 de ac 23 50 07 ff d9 [5115 bytes]
2026-04-10 03:37:28.650 [DEBUG] [FRAME►TX] frame sent  mode=ObjectDetection  size=5115B  t=03:37:28
2026-04-10 03:37:28.651 [DEBUG] < TEXT '{"type": "heartbeat"}' [21 bytes]
2026-04-10 03:37:28.652 [DEBUG] [HB◄RX] Heartbeat from server
2026-04-10 03:37:28.701 [DEBUG] > BINARY 00 ff d8 ff e0 00 10 4a 46 49 46 00 01 01 00 00 ... d3 01 68 a2 8a 00 ff d9 [5062 bytes]
2026-04-10 03:37:28.705 [DEBUG] [FRAME►TX] frame sent  mode=ObjectDetection  size=5062B  t=03:37:28
2026-04-10 03:37:28.707 [DEBUG] < TEXT '{"type": "heartbeat"}' [21 bytes]
2026-04-10 03:37:28.708 [DEBUG] [HB◄RX] Heartbeat from server
2026-04-10 03:37:28.759 [DEBUG] > BINARY 00 ff d8 ff e0 00 10 4a 46 49 46 00 01 01 00 00 ... 4a 43 4b 45 00 7f ff d9 [4286 bytes]
2026-04-10 03:37:28.764 [DEBUG] [FRAME►TX] frame sent  mode=ObjectDetection  size=4286B  t=03:37:28
2026-04-10 03:37:28.766 [DEBUG] [HB◄RX] Heartbeat from server
2026-04-10 03:37:28.819 [DEBUG] > BINARY 00 ff d8 ff e0 00 10 4a 46 49 46 00 01 01 00 00 ... 00 4a 28 a2 80 3f ff d9 [3417 bytes]
2026-04-10 03:37:28.823 [DEBUG] [FRAME►TX] frame sent  mode=ObjectDetection  size=3417B  t=03:37:28
2026-04-10 03:37:28.879 [DEBUG] > BINARY 00 ff d8 ff e0 00 10 4a 46 49 46 00 01 01 00 00 ... 98 05 14 51 40 1f ff d9 [2842 bytes]
2026-04-10 03:37:28.883 [DEBUG] [FRAME►TX] frame sent  mode=ObjectDetection  size=2842B  t=03:37:28
2026-04-10 03:37:28.936 [DEBUG] > BINARY 00 ff d8 ff e0 00 10 4a 46 49 46 00 01 01 00 00 ... 02 0a 28 a2 80 3f ff d9 [2213 bytes]
2026-04-10 03:37:28.939 [DEBUG] [FRAME►TX] frame sent  mode=ObjectDetection  size=2213B  t=03:37:28
2026-04-10 03:37:28.999 [DEBUG] > BINARY 00 ff d8 ff e0 00 10 4a 46 49 46 00 01 01 00 00 ... a0 41 45 14 50 33 ff d9 [1931 bytes]
2026-04-10 03:37:29.001 [DEBUG] [FRAME►TX] frame sent  mode=ObjectDetection  size=1931B  t=03:37:28
2026-04-10 03:37:29.060 [DEBUG] > BINARY 00 ff d8 ff e0 00 10 4a 46 49 46 00 01 01 00 00 ... 28 10 51 45 14 01 ff d9 [1863 bytes]
2026-04-10 03:37:29.062 [DEBUG] [FRAME►TX] frame sent  mode=ObjectDetection  size=1863B  t=03:37:29
2026-04-10 03:37:29.124 [DEBUG] > BINARY 00 ff d8 ff e0 00 10 4a 46 49 46 00 01 01 00 00 ... 40 05 14 51 40 1f ff d9 [1891 bytes]
2026-04-10 03:37:29.126 [DEBUG] [FRAME►TX] frame sent  mode=ObjectDetection  size=1891B  t=03:37:29
2026-04-10 03:37:29.127 [DEBUG] < TEXT '{"type": "text", "content": "A"}' [32 bytes]
2026-04-10 03:37:29.128 [DEBUG] [LLM◄RX] text chunk len=1 'A'
2026-04-10 03:37:29.187 [DEBUG] > BINARY 00 ff d8 ff e0 00 10 4a 46 49 46 00 01 01 00 00 ... 02 0a 28 a2 80 3f ff d9 [1894 bytes]
2026-04-10 03:37:29.189 [DEBUG] [FRAME►TX] frame sent  mode=ObjectDetection  size=1894B  t=03:37:29
2026-04-10 03:37:29.246 [DEBUG] > BINARY 00 ff d8 ff e0 00 10 4a 46 49 46 00 01 01 00 00 ... 50 01 45 14 50 23 ff d9 [1880 bytes]
2026-04-10 03:37:29.248 [DEBUG] [FRAME►TX] frame sent  mode=ObjectDetection  size=1880B  t=03:37:29
2026-04-10 03:37:29.302 [DEBUG] > BINARY 00 ff d8 ff e0 00 10 4a 46 49 46 00 01 01 00 00 ... 40 0b 45 14 94 01 ff d9 [1885 bytes]
2026-04-10 03:37:29.305 [DEBUG] [FRAME►TX] frame sent  mode=ObjectDetection  size=1885B  t=03:37:29
2026-04-10 03:37:29.363 [DEBUG] > BINARY 00 ff d8 ff e0 00 10 4a 46 49 46 00 01 01 00 00 ... 01 45 14 66 81 1f ff d9 [1887 bytes]
2026-04-10 03:37:29.365 [DEBUG] [FRAME►TX] frame sent  mode=ObjectDetection  size=1887B  t=03:37:29
2026-04-10 03:37:29.426 [DEBUG] > BINARY 00 ff d8 ff e0 00 10 4a 46 49 46 00 01 01 00 00 ... 00 14 51 45 00 7f ff d9 [1888 bytes]
2026-04-10 03:37:29.428 [DEBUG] [FRAME►TX] frame sent  mode=ObjectDetection  size=1888B  t=03:37:29
2026-04-10 03:37:29.483 [DEBUG] > BINARY 00 ff d8 ff e0 00 10 4a 46 49 46 00 01 01 00 00 ... 80 52 52 d2 50 07 ff d9 [1890 bytes]
2026-04-10 03:37:29.486 [DEBUG] [FRAME►TX] frame sent  mode=ObjectDetection  size=1890B  t=03:37:29
2026-04-10 03:37:29.542 [DEBUG] > BINARY 00 ff d8 ff e0 00 10 4a 46 49 46 00 01 01 00 00 ... a0 02 8a 28 a6 07 ff d9 [1894 bytes]
2026-04-10 03:37:29.545 [DEBUG] [FRAME►TX] frame sent  mode=ObjectDetection  size=1894B  t=03:37:29
2026-04-10 03:37:29.547 [DEBUG] < TEXT '{"type": "text", "content": " fluffy"}' [38 bytes]
2026-04-10 03:37:29.548 [DEBUG] < TEXT '{"type": "text", "content": " white"}' [37 bytes]
2026-04-10 03:37:29.548 [DEBUG] < TEXT '{"type": "text", "content": " cat"}' [35 bytes]
2026-04-10 03:37:29.549 [DEBUG] < TEXT '{"type": "text", "content": " stares"}' [38 bytes]
2026-04-10 03:37:29.550 [DEBUG] < TEXT '{"type": "text", "content": " directly"}' [40 bytes]
2026-04-10 03:37:29.550 [DEBUG] < TEXT '{"type": "text", "content": " in"}' [34 bytes]
2026-04-10 03:37:29.551 [DEBUG] < TEXT '{"type": "text", "content": " your"}' [36 bytes]
2026-04-10 03:37:29.552 [DEBUG] < TEXT '{"type": "text", "content": " eyes"}' [36 bytes]
2026-04-10 03:37:29.552 [DEBUG] < TEXT '{"type": "text", "content": ","}' [32 bytes]
2026-04-10 03:37:29.553 [DEBUG] < TEXT '{"type": "text", "content": " its"}' [35 bytes]
2026-04-10 03:37:29.554 [DEBUG] < TEXT '{"type": "text", "content": " fur"}' [35 bytes]
2026-04-10 03:37:29.554 [DEBUG] < TEXT '{"type": "text", "content": " soft"}' [36 bytes]
2026-04-10 03:37:29.555 [DEBUG] < TEXT '{"type": "text", "content": " against"}' [39 bytes]
2026-04-10 03:37:29.556 [DEBUG] < TEXT '{"type": "text", "content": " the"}' [35 bytes]
2026-04-10 03:37:29.556 [DEBUG] < TEXT '{"type": "text", "content": " quiet"}' [37 bytes]
2026-04-10 03:37:29.557 [DEBUG] < TEXT '{"type": "text", "content": " room"}' [36 bytes]
2026-04-10 03:37:29.557 [DEBUG] < TEXT '{"type": "text", "content": " as"}' [34 bytes]
2026-04-10 03:37:29.558 [DEBUG] < TEXT '{"type": "text", "content": " it"}' [34 bytes]
2026-04-10 03:37:29.559 [DEBUG] < TEXT '{"type": "text", "content": " leans"}' [37 bytes]
2026-04-10 03:37:29.559 [DEBUG] < TEXT '{"type": "text", "content": " forward"}' [39 bytes]
2026-04-10 03:37:29.560 [DEBUG] < TEXT '{"type": "text", "content": " with"}' [36 bytes]
2026-04-10 03:37:29.560 [DEBUG] < TEXT '{"type": "text", "content": " gentle"}' [38 bytes]
2026-04-10 03:37:29.561 [DEBUG] < TEXT '{"type": "text", "content": " curiosity"}' [41 bytes]
2026-04-10 03:37:29.561 [DEBUG] < TEXT '{"type": "text", "content": "."}' [32 bytes]
2026-04-10 03:37:29.562 [DEBUG] < TEXT '{"type": "status", "content": "done"}' [37 bytes]
2026-04-10 03:37:29.563 [DEBUG] [LLM◄RX] text chunk len=7 ' fluffy'
2026-04-10 03:37:29.607 [DEBUG] > BINARY 00 ff d8 ff e0 00 10 4a 46 49 46 00 01 01 00 00 ... a0 41 41 a2 8a 00 ff d9 [1895 bytes]
2026-04-10 03:37:29.610 [DEBUG] [FRAME►TX] frame sent  mode=ObjectDetection  size=1895B  t=03:37:29
2026-04-10 03:37:29.611 [DEBUG] [LLM◄RX] text chunk len=6 ' white'
2026-04-10 03:37:29.660 [DEBUG] > BINARY 00 ff d8 ff e0 00 10 4a 46 49 46 00 01 01 00 00 ... 40 82 8a 28 a0 0f ff d9 [1896 bytes]
2026-04-10 03:37:29.663 [DEBUG] [FRAME►TX] frame sent  mode=ObjectDetection  size=1896B  t=03:37:29
2026-04-10 03:37:29.665 [DEBUG] [LLM◄RX] text chunk len=4 ' cat'
2026-04-10 03:37:29.726 [DEBUG] > BINARY 00 ff d8 ff e0 00 10 4a 46 49 46 00 01 01 00 00 ... 08 29 29 68 a6 07 ff d9 [1893 bytes]
2026-04-10 03:37:29.728 [DEBUG] [FRAME►TX] frame sent  mode=ObjectDetection  size=1893B  t=03:37:29
2026-04-10 03:37:29.730 [DEBUG] [LLM◄RX] text chunk len=7 ' stares'
2026-04-10 03:37:29.783 [DEBUG] > BINARY 00 ff d8 ff e0 00 10 4a 46 49 46 00 01 01 00 00 ... 50 01 45 14 53 11 ff d9 [1897 bytes]
2026-04-10 03:37:29.786 [DEBUG] [FRAME►TX] frame sent  mode=ObjectDetection  size=1897B  t=03:37:29
2026-04-10 03:37:29.787 [DEBUG] [LLM◄RX] text chunk len=9 ' directly'
2026-04-10 03:37:29.843 [DEBUG] > BINARY 00 ff d8 ff e0 00 10 4a 46 49 46 00 01 01 00 00 ... 28 00 a2 8a 29 81 ff d9 [1891 bytes]
2026-04-10 03:37:29.846 [DEBUG] [FRAME►TX] frame sent  mode=ObjectDetection  size=1891B  t=03:37:29
2026-04-10 03:37:29.847 [DEBUG] [LLM◄RX] text chunk len=3 ' in'
2026-04-10 03:37:29.906 [DEBUG] > BINARY 00 ff d8 ff e0 00 10 4a 46 49 46 00 01 01 00 00 ... 00 14 51 45 02 3f ff d9 [1883 bytes]
2026-04-10 03:37:29.908 [DEBUG] [FRAME►TX] frame sent  mode=ObjectDetection  size=1883B  t=03:37:29
2026-04-10 03:37:29.909 [DEBUG] [LLM◄RX] text chunk len=5 ' your'
2026-04-10 03:37:29.961 [DEBUG] > BINARY 00 ff d8 ff e0 00 10 4a 46 49 46 00 01 01 00 00 ... 00 14 51 45 02 3f ff d9 [1891 bytes]
2026-04-10 03:37:29.963 [DEBUG] [FRAME►TX] frame sent  mode=ObjectDetection  size=1891B  t=03:37:29
2026-04-10 03:37:29.965 [DEBUG] [LLM◄RX] text chunk len=5 ' eyes'
2026-04-10 03:37:30.019 [DEBUG] > BINARY 00 ff d8 ff e0 00 10 4a 46 49 46 00 01 01 00 00 ... 8a 00 28 a2 8a 00 ff d9 [1872 bytes]
2026-04-10 03:37:30.021 [DEBUG] [FRAME►TX] frame sent  mode=ObjectDetection  size=1872B  t=03:37:30
2026-04-10 03:37:30.023 [DEBUG] [LLM◄RX] text chunk len=1 ','
2026-04-10 03:37:30.084 [DEBUG] > BINARY 00 ff d8 ff e0 00 10 4a 46 49 46 00 01 01 00 00 ... 50 20 a2 8a 28 03 ff d9 [1884 bytes]
2026-04-10 03:37:30.086 [DEBUG] [FRAME►TX] frame sent  mode=ObjectDetection  size=1884B  t=03:37:30
2026-04-10 03:37:30.088 [DEBUG] [LLM◄RX] text chunk len=4 ' its'
2026-04-10 03:37:30.146 [DEBUG] > BINARY 00 ff d8 ff e0 00 10 4a 46 49 46 00 01 01 00 00 ... 80 0a 28 a2 80 3f ff d9 [1892 bytes]
2026-04-10 03:37:30.148 [DEBUG] [FRAME►TX] frame sent  mode=ObjectDetection  size=1892B  t=03:37:30
2026-04-10 03:37:30.150 [DEBUG] [LLM◄RX] text chunk len=4 ' fur'
2026-04-10 03:37:30.211 [DEBUG] > BINARY 00 ff d8 ff e0 00 10 4a 46 49 46 00 01 01 00 00 ... 00 14 51 45 00 7f ff d9 [1887 bytes]
2026-04-10 03:37:30.213 [DEBUG] [FRAME►TX] frame sent  mode=ObjectDetection  size=1887B  t=03:37:30
2026-04-10 03:37:30.214 [DEBUG] [LLM◄RX] text chunk len=5 ' soft'
2026-04-10 03:37:30.267 [DEBUG] > BINARY 00 ff d8 ff e0 00 10 4a 46 49 46 00 01 01 00 00 ... 50 20 a2 8a 28 03 ff d9 [1889 bytes]
2026-04-10 03:37:30.270 [DEBUG] [FRAME►TX] frame sent  mode=ObjectDetection  size=1889B  t=03:37:30
2026-04-10 03:37:30.272 [DEBUG] [LLM◄RX] text chunk len=8 ' against'
2026-04-10 03:37:30.326 [DEBUG] > BINARY 00 ff d8 ff e0 00 10 4a 46 49 46 00 01 01 00 00 ... 00 14 51 45 02 3f ff d9 [1881 bytes]
2026-04-10 03:37:30.328 [DEBUG] [FRAME►TX] frame sent  mode=ObjectDetection  size=1881B  t=03:37:30
2026-04-10 03:37:30.330 [DEBUG] [LLM◄RX] text chunk len=4 ' the'
2026-04-10 03:37:30.383 [DEBUG] > BINARY 00 ff d8 ff e0 00 10 4a 46 49 46 00 01 01 00 00 ... a0 02 92 96 8a 00 ff d9 [1893 bytes]
2026-04-10 03:37:30.385 [DEBUG] [FRAME►TX] frame sent  mode=ObjectDetection  size=1893B  t=03:37:30
2026-04-10 03:37:30.386 [DEBUG] [LLM◄RX] text chunk len=6 ' quiet'
2026-04-10 03:37:30.443 [DEBUG] > BINARY 00 ff d8 ff e0 00 10 4a 46 49 46 00 01 01 00 00 ... 84 a5 a2 92 80 3f ff d9 [1890 bytes]
2026-04-10 03:37:30.445 [DEBUG] [FRAME►TX] frame sent  mode=ObjectDetection  size=1890B  t=03:37:30
2026-04-10 03:37:30.446 [DEBUG] [LLM◄RX] text chunk len=5 ' room'
2026-04-10 03:37:30.505 [DEBUG] > BINARY 00 ff d8 ff e0 00 10 4a 46 49 46 00 01 01 00 00 ... 02 8a 28 cd 00 7f ff d9 [1890 bytes]
2026-04-10 03:37:30.508 [DEBUG] [FRAME►TX] frame sent  mode=ObjectDetection  size=1890B  t=03:37:30
2026-04-10 03:37:30.510 [DEBUG] [LLM◄RX] text chunk len=3 ' as'
2026-04-10 03:37:30.563 [DEBUG] > BINARY 00 ff d8 ff e0 00 10 4a 46 49 46 00 01 01 00 00 ... 40 05 14 51 40 1f ff d9 [1887 bytes]
2026-04-10 03:37:30.565 [DEBUG] [FRAME►TX] frame sent  mode=ObjectDetection  size=1887B  t=03:37:30
2026-04-10 03:37:30.567 [DEBUG] [LLM◄RX] text chunk len=3 ' it'
2026-04-10 03:37:30.632 [DEBUG] > BINARY 00 ff d8 ff e0 00 10 4a 46 49 46 00 01 01 00 00 ... 28 00 a2 8a 28 03 ff d9 [1883 bytes]
2026-04-10 03:37:30.634 [DEBUG] [FRAME►TX] frame sent  mode=ObjectDetection  size=1883B  t=03:37:30
2026-04-10 03:37:30.636 [DEBUG] [LLM◄RX] text chunk len=6 ' leans'
2026-04-10 03:37:30.687 [DEBUG] > BINARY 00 ff d8 ff e0 00 10 4a 46 49 46 00 01 01 00 00 ... 50 01 45 14 50 07 ff d9 [1890 bytes]
2026-04-10 03:37:30.690 [DEBUG] [FRAME►TX] frame sent  mode=ObjectDetection  size=1890B  t=03:37:30
2026-04-10 03:37:30.691 [DEBUG] [LLM◄RX] text chunk len=8 ' forward'
2026-04-10 03:37:30.750 [DEBUG] > BINARY 00 ff d8 ff e0 00 10 4a 46 49 46 00 01 01 00 00 ... 14 00 51 45 14 08 ff d9 [1885 bytes]
2026-04-10 03:37:30.752 [DEBUG] [FRAME►TX] frame sent  mode=ObjectDetection  size=1885B  t=03:37:30
2026-04-10 03:37:30.753 [DEBUG] [LLM◄RX] text chunk len=5 ' with'
2026-04-10 03:37:30.805 [DEBUG] > BINARY 00 ff d8 ff e0 00 10 4a 46 49 46 00 01 01 00 00 ... 40 05 06 8a 28 03 ff d9 [1887 bytes]
2026-04-10 03:37:30.807 [DEBUG] [FRAME►TX] frame sent  mode=ObjectDetection  size=1887B  t=03:37:30
2026-04-10 03:37:30.808 [DEBUG] [LLM◄RX] text chunk len=7 ' gentle'
2026-04-10 03:37:30.869 [DEBUG] > BINARY 00 ff d8 ff e0 00 10 4a 46 49 46 00 01 01 00 00 ... a0 02 8a 28 a0 0f ff d9 [1887 bytes]
2026-04-10 03:37:30.871 [DEBUG] [FRAME►TX] frame sent  mode=ObjectDetection  size=1887B  t=03:37:30
2026-04-10 03:37:30.873 [DEBUG] [LLM◄RX] text chunk len=10 ' curiosity'
2026-04-10 03:37:30.928 [DEBUG] > BINARY 00 ff d8 ff e0 00 10 4a 46 49 46 00 01 01 00 00 ... a0 02 8a 28 a0 0f ff d9 [1889 bytes]
2026-04-10 03:37:30.930 [DEBUG] [FRAME►TX] frame sent  mode=ObjectDetection  size=1889B  t=03:37:30
2026-04-10 03:37:30.932 [DEBUG] [LLM◄RX] text chunk len=1 '.'
2026-04-10 03:37:30.991 [DEBUG] > BINARY 00 ff d8 ff e0 00 10 4a 46 49 46 00 01 01 00 00 ... 28 00 a2 8a 28 03 ff d9 [1893 bytes]
2026-04-10 03:37:30.997 [DEBUG] [FRAME►TX] frame sent  mode=ObjectDetection  size=1893B  t=03:37:30
2026-04-10 03:37:30.999 [INFO] [LLM◄DONE] Full response received  chars=127  words=23  text='A fluffy white cat stares directly in your eyes, its fur soft against the quiet room as it leans for...'
2026-04-10 03:37:30.999 [INFO] [TTS►QUEUE] Queuing full response for TTS (23 words)
2026-04-10 03:37:31.000 [DEBUG] [SYNC] Queuing SIGNAL_READY and joining queue...
2026-04-10 03:37:31.001 [INFO] [TTS►PIPER] Sending text (23 words, 127 chars): 'A fluffy white cat stares directly in your eyes, its fur soft against the quiet ...'
2026-04-10 03:37:31.001 [DEBUG] [TTS►PIPER] Text written to Piper stdin
2026-04-10 03:37:31.002 [DEBUG] [TTS►SYNC] SIGNAL_READY received — waiting for Piper to START producing audio...
2026-04-10 03:37:31.003 [DEBUG] < CLOSE 1012 (service restart) [2 bytes]
2026-04-10 03:37:31.004 [DEBUG] > CLOSE 1012 (service restart) [2 bytes]
2026-04-10 03:37:31.005 [DEBUG] = connection is CLOSING
2026-04-10 03:37:31.006 [DEBUG] < EOF
2026-04-10 03:37:31.021 [DEBUG] > EOF
2026-04-10 03:37:31.036 [DEBUG] = connection is CLOSED
2026-04-10 03:37:32.445 [DEBUG] [TTS►PIPE] First audio chunk received — aplay stream started
2026-04-10 03:37:32.446 [DEBUG] [TTS►PIPE] chunk#145 +4096B  total=4096B  ~0.09s audio queued to aplay
2026-04-10 03:37:32.447 [DEBUG] [TTS►PIPE] chunk#146 +4096B  total=8192B  ~0.19s audio queued to aplay
2026-04-10 03:37:32.447 [DEBUG] [TTS►PIPE] chunk#147 +4096B  total=12288B  ~0.28s audio queued to aplay
2026-04-10 03:37:32.448 [DEBUG] [TTS►PIPE] chunk#148 +4096B  total=16384B  ~0.37s audio queued to aplay
2026-04-10 03:37:32.449 [DEBUG] [TTS►PIPE] chunk#149 +4096B  total=20480B  ~0.46s audio queued to aplay
2026-04-10 03:37:32.450 [DEBUG] [TTS►PIPE] chunk#150 +4096B  total=24576B  ~0.56s audio queued to aplay
2026-04-10 03:37:32.451 [DEBUG] [TTS►PIPE] chunk#151 +4096B  total=28672B  ~0.65s audio queued to aplay
2026-04-10 03:37:32.451 [DEBUG] [TTS►PIPE] chunk#152 +4096B  total=32768B  ~0.74s audio queued to aplay
2026-04-10 03:37:32.452 [DEBUG] [TTS►PIPE] chunk#153 +4096B  total=36864B  ~0.84s audio queued to aplay
2026-04-10 03:37:32.453 [DEBUG] [TTS►PIPE] chunk#154 +4096B  total=40960B  ~0.93s audio queued to aplay
2026-04-10 03:37:32.453 [DEBUG] [TTS►PIPE] chunk#155 +4096B  total=45056B  ~1.02s audio queued to aplay
2026-04-10 03:37:32.454 [DEBUG] [TTS►PIPE] chunk#156 +4096B  total=49152B  ~1.11s audio queued to aplay
2026-04-10 03:37:32.455 [DEBUG] [TTS►PIPE] chunk#157 +4096B  total=53248B  ~1.21s audio queued to aplay
2026-04-10 03:37:32.455 [DEBUG] [TTS►PIPE] chunk#158 +4096B  total=57344B  ~1.30s audio queued to aplay
2026-04-10 03:37:32.456 [DEBUG] [TTS►PIPE] chunk#159 +4096B  total=61440B  ~1.39s audio queued to aplay
2026-04-10 03:37:32.462 [DEBUG] [TTS►PIPE] chunk#160 +4096B  total=65536B  ~1.49s audio queued to aplay
2026-04-10 03:37:32.463 [DEBUG] [TTS►PIPE] chunk#161 +4096B  total=69632B  ~1.58s audio queued to aplay
2026-04-10 03:37:32.464 [DEBUG] [TTS►PIPE] chunk#162 +4096B  total=73728B  ~1.67s audio queued to aplay
2026-04-10 03:37:32.464 [DEBUG] [TTS►PIPE] chunk#163 +4096B  total=77824B  ~1.76s audio queued to aplay
2026-04-10 03:37:32.465 [DEBUG] [TTS►PIPE] chunk#164 +4096B  total=81920B  ~1.86s audio queued to aplay
2026-04-10 03:37:32.466 [DEBUG] [TTS►PIPE] chunk#165 +4096B  total=86016B  ~1.95s audio queued to aplay
2026-04-10 03:37:32.466 [DEBUG] [TTS►PIPE] chunk#166 +4096B  total=90112B  ~2.04s audio queued to aplay
2026-04-10 03:37:32.467 [DEBUG] [TTS►PIPE] chunk#167 +4096B  total=94208B  ~2.14s audio queued to aplay
2026-04-10 03:37:32.467 [DEBUG] [TTS►PIPE] chunk#168 +4096B  total=98304B  ~2.23s audio queued to aplay
2026-04-10 03:37:32.468 [DEBUG] [TTS►PIPE] chunk#169 +4096B  total=102400B  ~2.32s audio queued to aplay
2026-04-10 03:37:32.468 [DEBUG] [TTS►PIPE] chunk#170 +4096B  total=106496B  ~2.41s audio queued to aplay
2026-04-10 03:37:32.469 [DEBUG] [TTS►PIPE] chunk#171 +4096B  total=110592B  ~2.51s audio queued to aplay
2026-04-10 03:37:32.469 [DEBUG] [TTS►PIPE] chunk#172 +4096B  total=114688B  ~2.60s audio queued to aplay
2026-04-10 03:37:32.469 [DEBUG] [TTS►PIPE] chunk#173 +4096B  total=118784B  ~2.69s audio queued to aplay
2026-04-10 03:37:32.469 [DEBUG] [TTS►PIPE] chunk#174 +4096B  total=122880B  ~2.79s audio queued to aplay
2026-04-10 03:37:32.470 [DEBUG] [TTS►PIPE] chunk#175 +4096B  total=126976B  ~2.88s audio queued to aplay
2026-04-10 03:37:32.470 [DEBUG] [TTS►PIPE] chunk#176 +4096B  total=131072B  ~2.97s audio queued to aplay
2026-04-10 03:37:32.471 [DEBUG] [TTS►PIPE] chunk#177 +4096B  total=135168B  ~3.07s audio queued to aplay
2026-04-10 03:37:32.471 [DEBUG] [TTS►PIPE] chunk#178 +4096B  total=139264B  ~3.16s audio queued to aplay
2026-04-10 03:37:32.471 [DEBUG] [TTS►PIPE] chunk#179 +4096B  total=143360B  ~3.25s audio queued to aplay
2026-04-10 03:37:32.472 [DEBUG] [TTS►PIPE] chunk#180 +4096B  total=147456B  ~3.34s audio queued to aplay
2026-04-10 03:37:32.472 [DEBUG] [TTS►PIPE] chunk#181 +4096B  total=151552B  ~3.44s audio queued to aplay
2026-04-10 03:37:32.472 [DEBUG] [TTS►PIPE] chunk#182 +4096B  total=155648B  ~3.53s audio queued to aplay
2026-04-10 03:37:32.472 [DEBUG] [TTS►PIPE] chunk#183 +4096B  total=159744B  ~3.62s audio queued to aplay
2026-04-10 03:37:32.472 [DEBUG] [TTS►PIPE] chunk#184 +4096B  total=163840B  ~3.72s audio queued to aplay
2026-04-10 03:37:32.473 [DEBUG] [TTS►PIPE] chunk#185 +4096B  total=167936B  ~3.81s audio queued to aplay
2026-04-10 03:37:32.473 [DEBUG] [TTS►PIPE] chunk#186 +4096B  total=172032B  ~3.90s audio queued to aplay
2026-04-10 03:37:32.473 [DEBUG] [TTS►PIPE] chunk#187 +4096B  total=176128B  ~3.99s audio queued to aplay
2026-04-10 03:37:32.473 [DEBUG] [TTS►PIPE] chunk#188 +4096B  total=180224B  ~4.09s audio queued to aplay
2026-04-10 03:37:32.473 [DEBUG] [TTS►PIPE] chunk#189 +4096B  total=184320B  ~4.18s audio queued to aplay
2026-04-10 03:37:32.473 [DEBUG] [TTS►PIPE] chunk#190 +4096B  total=188416B  ~4.27s audio queued to aplay
2026-04-10 03:37:32.474 [DEBUG] [TTS►PIPE] chunk#191 +4096B  total=192512B  ~4.37s audio queued to aplay
2026-04-10 03:37:32.474 [DEBUG] [TTS►PIPE] chunk#192 +4096B  total=196608B  ~4.46s audio queued to aplay
2026-04-10 03:37:32.474 [DEBUG] [TTS►PIPE] chunk#193 +4096B  total=200704B  ~4.55s audio queued to aplay
2026-04-10 03:37:32.474 [DEBUG] [TTS►PIPE] chunk#194 +4096B  total=204800B  ~4.64s audio queued to aplay
2026-04-10 03:37:32.474 [DEBUG] [TTS►PIPE] chunk#195 +4096B  total=208896B  ~4.74s audio queued to aplay
2026-04-10 03:37:32.475 [DEBUG] [TTS►PIPE] chunk#196 +4096B  total=212992B  ~4.83s audio queued to aplay
2026-04-10 03:37:32.475 [DEBUG] [TTS►PIPE] chunk#197 +4096B  total=217088B  ~4.92s audio queued to aplay
2026-04-10 03:37:32.475 [DEBUG] [TTS►PIPE] chunk#198 +4096B  total=221184B  ~5.02s audio queued to aplay
2026-04-10 03:37:32.475 [DEBUG] [TTS►PIPE] chunk#199 +4096B  total=225280B  ~5.11s audio queued to aplay
2026-04-10 03:37:32.475 [DEBUG] [TTS►PIPE] chunk#200 +4096B  total=229376B  ~5.20s audio queued to aplay
2026-04-10 03:37:32.475 [DEBUG] [TTS►PIPE] chunk#201 +4096B  total=233472B  ~5.29s audio queued to aplay
2026-04-10 03:37:32.475 [DEBUG] [TTS►PIPE] chunk#202 +4096B  total=237568B  ~5.39s audio queued to aplay
2026-04-10 03:37:32.475 [DEBUG] [TTS►PIPE] chunk#203 +4096B  total=241664B  ~5.48s audio queued to aplay
2026-04-10 03:37:32.476 [DEBUG] [TTS►PIPE] chunk#204 +4096B  total=245760B  ~5.57s audio queued to aplay
2026-04-10 03:37:32.476 [DEBUG] [TTS►PIPE] chunk#205 +4096B  total=249856B  ~5.67s audio queued to aplay
2026-04-10 03:37:32.476 [DEBUG] [TTS►PIPE] chunk#206 +4096B  total=253952B  ~5.76s audio queued to aplay
2026-04-10 03:37:32.476 [DEBUG] [TTS►PIPE] chunk#207 +4096B  total=258048B  ~5.85s audio queued to aplay
2026-04-10 03:37:32.476 [DEBUG] [TTS►PIPE] chunk#208 +4096B  total=262144B  ~5.94s audio queued to aplay
2026-04-10 03:37:32.477 [DEBUG] [TTS►PIPE] chunk#209 +4096B  total=266240B  ~6.04s audio queued to aplay
2026-04-10 03:37:32.477 [DEBUG] [TTS►SYNC] Piper started — initial bytes: 266240B (waited 1.47s)
2026-04-10 03:37:32.778 [DEBUG] [TTS►SYNC] Piper settled — total audio piped: 266240B (~6.04s)
2026-04-10 03:37:32.779 [INFO] [TTS►SYNC] Waiting 5.85s for speaker to finish  (bytes=266240  duration=6.04s)
2026-04-10 03:37:35.576 [DEBUG] [TTS►PIPE] chunk#210 +4096B  total=270336B  ~6.13s audio queued to aplay
2026-04-10 03:37:35.577 [DEBUG] [TTS►PIPE] chunk#211 +4096B  total=274432B  ~6.22s audio queued to aplay
2026-04-10 03:37:35.578 [DEBUG] [TTS►PIPE] chunk#212 +4096B  total=278528B  ~6.32s audio queued to aplay
2026-04-10 03:37:35.579 [DEBUG] [TTS►PIPE] chunk#213 +4096B  total=282624B  ~6.41s audio queued to aplay
2026-04-10 03:37:35.579 [DEBUG] [TTS►PIPE] chunk#214 +4096B  total=286720B  ~6.50s audio queued to aplay
2026-04-10 03:37:35.580 [DEBUG] [TTS►PIPE] chunk#215 +4096B  total=290816B  ~6.59s audio queued to aplay
2026-04-10 03:37:35.580 [DEBUG] [TTS►PIPE] chunk#216 +4096B  total=294912B  ~6.69s audio queued to aplay
2026-04-10 03:37:35.581 [DEBUG] [TTS►PIPE] chunk#217 +4096B  total=299008B  ~6.78s audio queued to aplay
2026-04-10 03:37:35.581 [DEBUG] [TTS►PIPE] chunk#218 +4096B  total=303104B  ~6.87s audio queued to aplay
2026-04-10 03:37:35.581 [DEBUG] [TTS►PIPE] chunk#219 +4096B  total=307200B  ~6.97s audio queued to aplay
2026-04-10 03:37:35.582 [DEBUG] [TTS►PIPE] chunk#220 +4096B  total=311296B  ~7.06s audio queued to aplay
2026-04-10 03:37:35.582 [DEBUG] [TTS►PIPE] chunk#221 +4096B  total=315392B  ~7.15s audio queued to aplay
2026-04-10 03:37:35.583 [DEBUG] [TTS►PIPE] chunk#222 +4096B  total=319488B  ~7.24s audio queued to aplay
2026-04-10 03:37:35.583 [DEBUG] [TTS►PIPE] chunk#223 +3072B  total=322560B  ~7.31s audio queued to aplay
